game_id,platform_id,name,games_count,image_background
3498,187,PlayStation 5,1528,https://media.rawg.io/media/games/152/152e788b7504aa2753c86dae912fb34c.jpg
3498,186,Xbox Series S/X,1283,https://media.rawg.io/media/games/b29/b294fdd866dcdb643e7bab370a552855.jpg
3498,16,PlayStation 3,3209,https://media.rawg.io/media/games/8e4/8e4de3f54ac659e08a7ba6a2b731682a.jpg
3498,4,PC,561279,https://media.rawg.io/media/games/7cf/7cfc9220b401b7a300e409e539c9afd5.jpg
3498,18,PlayStation 4,7040,https://media.rawg.io/media/games/4be/4be6a6ad0364751a96229c56bf69be59.jpg
3498,14,Xbox 360,2831,https://media.rawg.io/media/games/d1a/d1a2e99ade53494c6330a0ed945fe823.jpg
3498,1,Xbox One,5744,https://media.rawg.io/media/games/618/618c2031a07bbff6b4f611f10b6bcdbc.jpg
3328,187,PlayStation 5,1528,https://media.rawg.io/media/games/152/152e788b7504aa2753c86dae912fb34c.jpg
3328,186,Xbox Series S/X,1283,https://media.rawg.io/media/games/b29/b294fdd866dcdb643e7bab370a552855.jpg
3328,5,macOS,108113,https://media.rawg.io/media/games/49c/49c3dfa4ce2f6f140cc4825868e858cb.jpg
3328,18,PlayStation 4,7040,https://media.rawg.io/media/games/4be/4be6a6ad0364751a96229c56bf69be59.jpg
3328,7,Nintendo Switch,5784,https://media.rawg.io/media/games/8d6/8d69eb6c32ed6acfd75f82d532144993.jpg
3328,4,PC,561279,https://media.rawg.io/media/games/7cf/7cfc9220b401b7a300e409e539c9afd5.jpg
3328,1,Xbox One,5744,https://media.rawg.io/media/games/618/618c2031a07bbff6b4f611f10b6bcdbc.jpg
4200,16,PlayStation 3,3209,https://media.rawg.io/media/games/8e4/8e4de3f54ac659e08a7ba6a2b731682a.jpg
4200,4,PC,561279,https://media.rawg.io/media/games/7cf/7cfc9220b401b7a300e409e539c9afd5.jpg
4200,14,Xbox 360,2831,https://media.rawg.io/media/games/d1a/d1a2e99ade53494c6330a0ed945fe823.jpg
4200,6,Linux,80458,https://media.rawg.io/media/games/fc1/fc1307a2774506b5bd65d7e8424664a7.jpg
4200,5,macOS,108113,https://media.rawg.io/media/games/49c/49c3dfa4ce2f6f140cc4825868e858cb.jpg
4200,1,Xbox One,5744,https://media.rawg.io/media/games/618/618c2031a07bbff6b4f611f10b6bcdbc.jpg
4291,4,PC,561279,https://media.rawg.io/media/games/7cf/7cfc9220b401b7a300e409e539c9afd5.jpg
4291,6,Linux,80458,https://media.rawg.io/media/games/fc1/fc1307a2774506b5bd65d7e8424664a7.jpg
4291,14,Xbox 360,2831,https://media.rawg.io/media/games/d1a/d1a2e99ade53494c6330a0ed945fe823.jpg
4291,16,PlayStation 3,3209,https://media.rawg.io/media/games/8e4/8e4de3f54ac659e08a7ba6a2b731682a.jpg
5286,16,PlayStation 3,3209,https://media.rawg.io/media/games/8e4/8e4de3f54ac659e08a7ba6a2b731682a.jpg
5286,14,Xbox 360,2831,https://media.rawg.io/media/games/d1a/d1a2e99ade53494c6330a0ed945fe823.jpg
5286,5,macOS,108113,https://media.rawg.io/media/games/49c/49c3dfa4ce2f6f140cc4825868e858cb.jpg
5286,4,PC,561279,https://media.rawg.io/media/games/7cf/7cfc9220b401b7a300e409e539c9afd5.jpg
13536,5,macOS,108113,https://media.rawg.io/media/games/49c/49c3dfa4ce2f6f140cc4825868e858cb.jpg
13536,4,PC,561279,https://media.rawg.io/media/games/7cf/7cfc9220b401b7a300e409e539c9afd5.jpg
13536,21,Android,52534,https://media.rawg.io/media/games/095/0953bf01cd4e4dd204aba85489ac9868.jpg
13536,16,PlayStation 3,3209,https://media.rawg.io/media/games/8e4/8e4de3f54ac659e08a7ba6a2b731682a.jpg
13536,14,Xbox 360,2831,https://media.rawg.io/media/games/d1a/d1a2e99ade53494c6330a0ed945fe823.jpg
13536,6,Linux,80458,https://media.rawg.io/media/games/fc1/fc1307a2774506b5bd65d7e8424664a7.jpg
13536,7,Nintendo Switch,5784,https://media.rawg.io/media/games/8d6/8d69eb6c32ed6acfd75f82d532144993.jpg
12020,14,Xbox 360,2831,https://media.rawg.io/media/games/d1a/d1a2e99ade53494c6330a0ed945fe823.jpg
12020,6,Linux,80458,https://media.rawg.io/media/games/fc1/fc1307a2774506b5bd65d7e8424664a7.jpg
12020,4,PC,561279,https://media.rawg.io/media/games/7cf/7cfc9220b401b7a300e409e539c9afd5.jpg
12020,5,macOS,108113,https://media.rawg.io/media/games/49c/49c3dfa4ce2f6f140cc4825868e858cb.jpg
28,4,PC,561279,https://media.rawg.io/media/games/7cf/7cfc9220b401b7a300e409e539c9afd5.jpg
28,18,PlayStation 4,7040,https://media.rawg.io/media/games/4be/4be6a6ad0364751a96229c56bf69be59.jpg
28,1,Xbox One,5744,https://media.rawg.io/media/games/618/618c2031a07bbff6b4f611f10b6bcdbc.jpg
5679,187,PlayStation 5,1528,https://media.rawg.io/media/games/152/152e788b7504aa2753c86dae912fb34c.jpg
5679,18,PlayStation 4,7040,https://media.rawg.io/media/games/4be/4be6a6ad0364751a96229c56bf69be59.jpg
5679,4,PC,561279,https://media.rawg.io/media/games/7cf/7cfc9220b401b7a300e409e539c9afd5.jpg
5679,1,Xbox One,5744,https://media.rawg.io/media/games/618/618c2031a07bbff6b4f611f10b6bcdbc.jpg
5679,186,Xbox Series S/X,1283,https://media.rawg.io/media/games/b29/b294fdd866dcdb643e7bab370a552855.jpg
5679,7,Nintendo Switch,5784,https://media.rawg.io/media/games/8d6/8d69eb6c32ed6acfd75f82d532144993.jpg
5679,14,Xbox 360,2831,https://media.rawg.io/media/games/d1a/d1a2e99ade53494c6330a0ed945fe823.jpg
5679,16,PlayStation 3,3209,https://media.rawg.io/media/games/8e4/8e4de3f54ac659e08a7ba6a2b731682a.jpg
13537,4,PC,561279,https://media.rawg.io/media/games/7cf/7cfc9220b401b7a300e409e539c9afd5.jpg
13537,5,macOS,108113,https://media.rawg.io/media/games/49c/49c3dfa4ce2f6f140cc4825868e858cb.jpg
13537,14,Xbox 360,2831,https://media.rawg.io/media/games/d1a/d1a2e99ade53494c6330a0ed945fe823.jpg
13537,6,Linux,80458,https://media.rawg.io/media/games/fc1/fc1307a2774506b5bd65d7e8424664a7.jpg
13537,80,Xbox,881,https://media.rawg.io/media/games/662/6625a20ca1d13699ee7c191b20a02408.jpg
13537,21,Android,52534,https://media.rawg.io/media/games/095/0953bf01cd4e4dd204aba85489ac9868.jpg
4062,18,PlayStation 4,7040,https://media.rawg.io/media/games/4be/4be6a6ad0364751a96229c56bf69be59.jpg
4062,14,Xbox 360,2831,https://media.rawg.io/media/games/d1a/d1a2e99ade53494c6330a0ed945fe823.jpg
4062,7,Nintendo Switch,5784,https://media.rawg.io/media/games/8d6/8d69eb6c32ed6acfd75f82d532144993.jpg
4062,6,Linux,80458,https://media.rawg.io/media/games/fc1/fc1307a2774506b5bd65d7e8424664a7.jpg
4062,4,PC,561279,https://media.rawg.io/media/games/7cf/7cfc9220b401b7a300e409e539c9afd5.jpg
4062,16,PlayStation 3,3209,https://media.rawg.io/media/games/8e4/8e4de3f54ac659e08a7ba6a2b731682a.jpg
4062,1,Xbox One,5744,https://media.rawg.io/media/games/618/618c2031a07bbff6b4f611f10b6bcdbc.jpg
802,16,PlayStation 3,3209,https://media.rawg.io/media/games/8e4/8e4de3f54ac659e08a7ba6a2b731682a.jpg
802,5,macOS,108113,https://media.rawg.io/media/games/49c/49c3dfa4ce2f6f140cc4825868e858cb.jpg
802,4,PC,561279,https://media.rawg.io/media/games/7cf/7cfc9220b401b7a300e409e539c9afd5.jpg
802,21,Android,52534,https://media.rawg.io/media/games/095/0953bf01cd4e4dd204aba85489ac9868.jpg
802,6,Linux,80458,https://media.rawg.io/media/games/fc1/fc1307a2774506b5bd65d7e8424664a7.jpg
802,19,PS Vita,1461,https://media.rawg.io/media/games/f99/f9979698c43fd84c3ab69280576dd3af.jpg
802,14,Xbox 360,2831,https://media.rawg.io/media/games/d1a/d1a2e99ade53494c6330a0ed945fe823.jpg
3439,3,iOS,77453,https://media.rawg.io/media/games/942/9424d6bb763dc38d9378b488603c87fa.jpg
3439,4,PC,561279,https://media.rawg.io/media/games/7cf/7cfc9220b401b7a300e409e539c9afd5.jpg
3439,6,Linux,80458,https://media.rawg.io/media/games/fc1/fc1307a2774506b5bd65d7e8424664a7.jpg
3439,16,PlayStation 3,3209,https://media.rawg.io/media/games/8e4/8e4de3f54ac659e08a7ba6a2b731682a.jpg
3439,5,macOS,108113,https://media.rawg.io/media/games/49c/49c3dfa4ce2f6f140cc4825868e858cb.jpg
3439,14,Xbox 360,2831,https://media.rawg.io/media/games/d1a/d1a2e99ade53494c6330a0ed945fe823.jpg
3439,21,Android,52534,https://media.rawg.io/media/games/095/0953bf01cd4e4dd204aba85489ac9868.jpg
3439,18,PlayStation 4,7040,https://media.rawg.io/media/games/4be/4be6a6ad0364751a96229c56bf69be59.jpg
3439,1,Xbox One,5744,https://media.rawg.io/media/games/618/618c2031a07bbff6b4f611f10b6bcdbc.jpg
4286,16,PlayStation 3,3209,https://media.rawg.io/media/games/8e4/8e4de3f54ac659e08a7ba6a2b731682a.jpg
4286,5,macOS,108113,https://media.rawg.io/media/games/49c/49c3dfa4ce2f6f140cc4825868e858cb.jpg
4286,4,PC,561279,https://media.rawg.io/media/games/7cf/7cfc9220b401b7a300e409e539c9afd5.jpg
4286,14,Xbox 360,2831,https://media.rawg.io/media/games/d1a/d1a2e99ade53494c6330a0ed945fe823.jpg
58175,4,PC,561279,https://media.rawg.io/media/games/7cf/7cfc9220b401b7a300e409e539c9afd5.jpg
58175,18,PlayStation 4,7040,https://media.rawg.io/media/games/4be/4be6a6ad0364751a96229c56bf69be59.jpg
32,18,PlayStation 4,7040,https://media.rawg.io/media/games/4be/4be6a6ad0364751a96229c56bf69be59.jpg
32,1,Xbox One,5744,https://media.rawg.io/media/games/618/618c2031a07bbff6b4f611f10b6bcdbc.jpg
32,4,PC,561279,https://media.rawg.io/media/games/7cf/7cfc9220b401b7a300e409e539c9afd5.jpg
32,171,Web,260067,https://media.rawg.io/media/games/8ba/8ba1178d043aa752838d68b14fffb922.jpg
32,186,Xbox Series S/X,1283,https://media.rawg.io/media/games/b29/b294fdd866dcdb643e7bab370a552855.jpg
32,187,PlayStation 5,1528,https://media.rawg.io/media/games/152/152e788b7504aa2753c86dae912fb34c.jpg
3070,18,PlayStation 4,7040,https://media.rawg.io/media/games/4be/4be6a6ad0364751a96229c56bf69be59.jpg
3070,4,PC,561279,https://media.rawg.io/media/games/7cf/7cfc9220b401b7a300e409e539c9afd5.jpg
3070,187,PlayStation 5,1528,https://media.rawg.io/media/games/152/152e788b7504aa2753c86dae912fb34c.jpg
3070,1,Xbox One,5744,https://media.rawg.io/media/games/618/618c2031a07bbff6b4f611f10b6bcdbc.jpg
1030,4,PC,561279,https://media.rawg.io/media/games/7cf/7cfc9220b401b7a300e409e539c9afd5.jpg
1030,21,Android,52534,https://media.rawg.io/media/games/095/0953bf01cd4e4dd204aba85489ac9868.jpg
1030,19,PS Vita,1461,https://media.rawg.io/media/games/f99/f9979698c43fd84c3ab69280576dd3af.jpg
1030,18,PlayStation 4,7040,https://media.rawg.io/media/games/4be/4be6a6ad0364751a96229c56bf69be59.jpg
1030,16,PlayStation 3,3209,https://media.rawg.io/media/games/8e4/8e4de3f54ac659e08a7ba6a2b731682a.jpg
1030,14,Xbox 360,2831,https://media.rawg.io/media/games/d1a/d1a2e99ade53494c6330a0ed945fe823.jpg
1030,6,Linux,80458,https://media.rawg.io/media/games/fc1/fc1307a2774506b5bd65d7e8424664a7.jpg
1030,5,macOS,108113,https://media.rawg.io/media/games/49c/49c3dfa4ce2f6f140cc4825868e858cb.jpg
1030,3,iOS,77453,https://media.rawg.io/media/games/942/9424d6bb763dc38d9378b488603c87fa.jpg
1030,1,Xbox One,5744,https://media.rawg.io/media/games/618/618c2031a07bbff6b4f611f10b6bcdbc.jpg
1030,7,Nintendo Switch,5784,https://media.rawg.io/media/games/8d6/8d69eb6c32ed6acfd75f82d532144993.jpg
3939,6,Linux,80458,https://media.rawg.io/media/games/fc1/fc1307a2774506b5bd65d7e8424664a7.jpg
3939,4,PC,561279,https://media.rawg.io/media/games/7cf/7cfc9220b401b7a300e409e539c9afd5.jpg
3939,1,Xbox One,5744,https://media.rawg.io/media/games/618/618c2031a07bbff6b4f611f10b6bcdbc.jpg
11859,6,Linux,80458,https://media.rawg.io/media/games/fc1/fc1307a2774506b5bd65d7e8424664a7.jpg
11859,5,macOS,108113,https://media.rawg.io/media/games/49c/49c3dfa4ce2f6f140cc4825868e858cb.jpg
11859,4,PC,561279,https://media.rawg.io/media/games/7cf/7cfc9220b401b7a300e409e539c9afd5.jpg
2454,4,PC,561279,https://media.rawg.io/media/games/7cf/7cfc9220b401b7a300e409e539c9afd5.jpg
2454,18,PlayStation 4,7040,https://media.rawg.io/media/games/4be/4be6a6ad0364751a96229c56bf69be59.jpg
2454,7,Nintendo Switch,5784,https://media.rawg.io/media/games/8d6/8d69eb6c32ed6acfd75f82d532144993.jpg
2454,1,Xbox One,5744,https://media.rawg.io/media/games/618/618c2031a07bbff6b4f611f10b6bcdbc.jpg
41494,7,Nintendo Switch,5784,https://media.rawg.io/media/games/8d6/8d69eb6c32ed6acfd75f82d532144993.jpg
41494,18,PlayStation 4,7040,https://media.rawg.io/media/games/4be/4be6a6ad0364751a96229c56bf69be59.jpg
41494,4,PC,561279,https://media.rawg.io/media/games/7cf/7cfc9220b401b7a300e409e539c9afd5.jpg
41494,186,Xbox Series S/X,1283,https://media.rawg.io/media/games/b29/b294fdd866dcdb643e7bab370a552855.jpg
41494,187,PlayStation 5,1528,https://media.rawg.io/media/games/152/152e788b7504aa2753c86dae912fb34c.jpg
41494,1,Xbox One,5744,https://media.rawg.io/media/games/618/618c2031a07bbff6b4f611f10b6bcdbc.jpg
422,14,Xbox 360,2831,https://media.rawg.io/media/games/d1a/d1a2e99ade53494c6330a0ed945fe823.jpg
422,10,Wii U,1114,https://media.rawg.io/media/games/f46/f466571d536f2e3ea9e815ad17177501.jpg
422,8,Nintendo 3DS,1682,https://media.rawg.io/media/games/041/041026016869e440fb1fb2b6be5222c4.jpg
422,1,Xbox One,5744,https://media.rawg.io/media/games/618/618c2031a07bbff6b4f611f10b6bcdbc.jpg
422,18,PlayStation 4,7040,https://media.rawg.io/media/games/4be/4be6a6ad0364751a96229c56bf69be59.jpg
422,3,iOS,77453,https://media.rawg.io/media/games/942/9424d6bb763dc38d9378b488603c87fa.jpg
422,4,PC,561279,https://media.rawg.io/media/games/7cf/7cfc9220b401b7a300e409e539c9afd5.jpg
422,5,macOS,108113,https://media.rawg.io/media/games/49c/49c3dfa4ce2f6f140cc4825868e858cb.jpg
422,6,Linux,80458,https://media.rawg.io/media/games/fc1/fc1307a2774506b5bd65d7e8424664a7.jpg
422,7,Nintendo Switch,5784,https://media.rawg.io/media/games/8d6/8d69eb6c32ed6acfd75f82d532144993.jpg
422,16,PlayStation 3,3209,https://media.rawg.io/media/games/8e4/8e4de3f54ac659e08a7ba6a2b731682a.jpg
422,19,PS Vita,1461,https://media.rawg.io/media/games/f99/f9979698c43fd84c3ab69280576dd3af.jpg
422,21,Android,52534,https://media.rawg.io/media/games/095/0953bf01cd4e4dd204aba85489ac9868.jpg
4459,14,Xbox 360,2831,https://media.rawg.io/media/games/d1a/d1a2e99ade53494c6330a0ed945fe823.jpg
4459,4,PC,561279,https://media.rawg.io/media/games/7cf/7cfc9220b401b7a300e409e539c9afd5.jpg
4459,16,PlayStation 3,3209,https://media.rawg.io/media/games/8e4/8e4de3f54ac659e08a7ba6a2b731682a.jpg
4459,1,Xbox One,5744,https://media.rawg.io/media/games/618/618c2031a07bbff6b4f611f10b6bcdbc.jpg
10213,6,Linux,80458,https://media.rawg.io/media/games/fc1/fc1307a2774506b5bd65d7e8424664a7.jpg
10213,5,macOS,108113,https://media.rawg.io/media/games/49c/49c3dfa4ce2f6f140cc4825868e858cb.jpg
10213,4,PC,561279,https://media.rawg.io/media/games/7cf/7cfc9220b401b7a300e409e539c9afd5.jpg
766,3,iOS,77453,https://media.rawg.io/media/games/942/9424d6bb763dc38d9378b488603c87fa.jpg
766,186,Xbox Series S/X,1283,https://media.rawg.io/media/games/b29/b294fdd866dcdb643e7bab370a552855.jpg
766,187,PlayStation 5,1528,https://media.rawg.io/media/games/152/152e788b7504aa2753c86dae912fb34c.jpg
766,18,PlayStation 4,7040,https://media.rawg.io/media/games/4be/4be6a6ad0364751a96229c56bf69be59.jpg
766,1,Xbox One,5744,https://media.rawg.io/media/games/618/618c2031a07bbff6b4f611f10b6bcdbc.jpg
766,7,Nintendo Switch,5784,https://media.rawg.io/media/games/8d6/8d69eb6c32ed6acfd75f82d532144993.jpg
766,4,PC,561279,https://media.rawg.io/media/games/7cf/7cfc9220b401b7a300e409e539c9afd5.jpg
3272,7,Nintendo Switch,5784,https://media.rawg.io/media/games/8d6/8d69eb6c32ed6acfd75f82d532144993.jpg
3272,5,macOS,108113,https://media.rawg.io/media/games/49c/49c3dfa4ce2f6f140cc4825868e858cb.jpg
3272,4,PC,561279,https://media.rawg.io/media/games/7cf/7cfc9220b401b7a300e409e539c9afd5.jpg
3272,6,Linux,80458,https://media.rawg.io/media/games/fc1/fc1307a2774506b5bd65d7e8424664a7.jpg
3272,1,Xbox One,5744,https://media.rawg.io/media/games/618/618c2031a07bbff6b4f611f10b6bcdbc.jpg
3272,18,PlayStation 4,7040,https://media.rawg.io/media/games/4be/4be6a6ad0364751a96229c56bf69be59.jpg
278,4,PC,561279,https://media.rawg.io/media/games/7cf/7cfc9220b401b7a300e409e539c9afd5.jpg
278,18,PlayStation 4,7040,https://media.rawg.io/media/games/4be/4be6a6ad0364751a96229c56bf69be59.jpg
29028,4,PC,561279,https://media.rawg.io/media/games/7cf/7cfc9220b401b7a300e409e539c9afd5.jpg
29028,14,Xbox 360,2831,https://media.rawg.io/media/games/d1a/d1a2e99ade53494c6330a0ed945fe823.jpg
7689,1,Xbox One,5744,https://media.rawg.io/media/games/618/618c2031a07bbff6b4f611f10b6bcdbc.jpg
7689,4,PC,561279,https://media.rawg.io/media/games/7cf/7cfc9220b401b7a300e409e539c9afd5.jpg
7689,5,macOS,108113,https://media.rawg.io/media/games/49c/49c3dfa4ce2f6f140cc4825868e858cb.jpg
7689,18,PlayStation 4,7040,https://media.rawg.io/media/games/4be/4be6a6ad0364751a96229c56bf69be59.jpg
3287,4,PC,561279,https://media.rawg.io/media/games/7cf/7cfc9220b401b7a300e409e539c9afd5.jpg
3287,7,Nintendo Switch,5784,https://media.rawg.io/media/games/8d6/8d69eb6c32ed6acfd75f82d532144993.jpg
3287,1,Xbox One,5744,https://media.rawg.io/media/games/618/618c2031a07bbff6b4f611f10b6bcdbc.jpg
3287,18,PlayStation 4,7040,https://media.rawg.io/media/games/4be/4be6a6ad0364751a96229c56bf69be59.jpg
3192,18,PlayStation 4,7040,https://media.rawg.io/media/games/4be/4be6a6ad0364751a96229c56bf69be59.jpg
3192,4,PC,561279,https://media.rawg.io/media/games/7cf/7cfc9220b401b7a300e409e539c9afd5.jpg
3192,1,Xbox One,5744,https://media.rawg.io/media/games/618/618c2031a07bbff6b4f611f10b6bcdbc.jpg
3192,16,PlayStation 3,3209,https://media.rawg.io/media/games/8e4/8e4de3f54ac659e08a7ba6a2b731682a.jpg
3192,14,Xbox 360,2831,https://media.rawg.io/media/games/d1a/d1a2e99ade53494c6330a0ed945fe823.jpg
416,5,macOS,108113,https://media.rawg.io/media/games/49c/49c3dfa4ce2f6f140cc4825868e858cb.jpg
416,4,PC,561279,https://media.rawg.io/media/games/7cf/7cfc9220b401b7a300e409e539c9afd5.jpg
416,3,iOS,77453,https://media.rawg.io/media/games/942/9424d6bb763dc38d9378b488603c87fa.jpg
416,80,Xbox,881,https://media.rawg.io/media/games/662/6625a20ca1d13699ee7c191b20a02408.jpg
416,21,Android,52534,https://media.rawg.io/media/games/095/0953bf01cd4e4dd204aba85489ac9868.jpg
416,18,PlayStation 4,7040,https://media.rawg.io/media/games/4be/4be6a6ad0364751a96229c56bf69be59.jpg
416,16,PlayStation 3,3209,https://media.rawg.io/media/games/8e4/8e4de3f54ac659e08a7ba6a2b731682a.jpg
416,15,PlayStation 2,3124,https://media.rawg.io/media/games/459/459ac8745027643ed7338516c0025cf7.jpg
416,14,Xbox 360,2831,https://media.rawg.io/media/games/d1a/d1a2e99ade53494c6330a0ed945fe823.jpg
416,1,Xbox One,5744,https://media.rawg.io/media/games/618/618c2031a07bbff6b4f611f10b6bcdbc.jpg
16944,5,macOS,108113,https://media.rawg.io/media/games/49c/49c3dfa4ce2f6f140cc4825868e858cb.jpg
16944,4,PC,561279,https://media.rawg.io/media/games/7cf/7cfc9220b401b7a300e409e539c9afd5.jpg
16944,14,Xbox 360,2831,https://media.rawg.io/media/games/d1a/d1a2e99ade53494c6330a0ed945fe823.jpg
290856,18,PlayStation 4,7040,https://media.rawg.io/media/games/4be/4be6a6ad0364751a96229c56bf69be59.jpg
290856,7,Nintendo Switch,5784,https://media.rawg.io/media/games/8d6/8d69eb6c32ed6acfd75f82d532144993.jpg
290856,5,macOS,108113,https://media.rawg.io/media/games/49c/49c3dfa4ce2f6f140cc4825868e858cb.jpg
290856,4,PC,561279,https://media.rawg.io/media/games/7cf/7cfc9220b401b7a300e409e539c9afd5.jpg
290856,1,Xbox One,5744,https://media.rawg.io/media/games/618/618c2031a07bbff6b4f611f10b6bcdbc.jpg
17822,4,PC,561279,https://media.rawg.io/media/games/7cf/7cfc9220b401b7a300e409e539c9afd5.jpg
17822,5,macOS,108113,https://media.rawg.io/media/games/49c/49c3dfa4ce2f6f140cc4825868e858cb.jpg
9767,18,PlayStation 4,7040,https://media.rawg.io/media/games/4be/4be6a6ad0364751a96229c56bf69be59.jpg
9767,6,Linux,80458,https://media.rawg.io/media/games/fc1/fc1307a2774506b5bd65d7e8424664a7.jpg
9767,5,macOS,108113,https://media.rawg.io/media/games/49c/49c3dfa4ce2f6f140cc4825868e858cb.jpg
9767,4,PC,561279,https://media.rawg.io/media/games/7cf/7cfc9220b401b7a300e409e539c9afd5.jpg
9767,7,Nintendo Switch,5784,https://media.rawg.io/media/games/8d6/8d69eb6c32ed6acfd75f82d532144993.jpg
9767,1,Xbox One,5744,https://media.rawg.io/media/games/618/618c2031a07bbff6b4f611f10b6bcdbc.jpg
11973,6,Linux,80458,https://media.rawg.io/media/games/fc1/fc1307a2774506b5bd65d7e8424664a7.jpg
11973,1,Xbox One,5744,https://media.rawg.io/media/games/618/618c2031a07bbff6b4f611f10b6bcdbc.jpg
11973,14,Xbox 360,2831,https://media.rawg.io/media/games/d1a/d1a2e99ade53494c6330a0ed945fe823.jpg
11973,16,PlayStation 3,3209,https://media.rawg.io/media/games/8e4/8e4de3f54ac659e08a7ba6a2b731682a.jpg
11973,18,PlayStation 4,7040,https://media.rawg.io/media/games/4be/4be6a6ad0364751a96229c56bf69be59.jpg
11973,5,macOS,108113,https://media.rawg.io/media/games/49c/49c3dfa4ce2f6f140cc4825868e858cb.jpg
11973,4,PC,561279,https://media.rawg.io/media/games/7cf/7cfc9220b401b7a300e409e539c9afd5.jpg
23027,21,Android,52534,https://media.rawg.io/media/games/095/0953bf01cd4e4dd204aba85489ac9868.jpg
23027,19,PS Vita,1461,https://media.rawg.io/media/games/f99/f9979698c43fd84c3ab69280576dd3af.jpg
23027,5,macOS,108113,https://media.rawg.io/media/games/49c/49c3dfa4ce2f6f140cc4825868e858cb.jpg
23027,4,PC,561279,https://media.rawg.io/media/games/7cf/7cfc9220b401b7a300e409e539c9afd5.jpg
23027,3,iOS,77453,https://media.rawg.io/media/games/942/9424d6bb763dc38d9378b488603c87fa.jpg
23027,18,PlayStation 4,7040,https://media.rawg.io/media/games/4be/4be6a6ad0364751a96229c56bf69be59.jpg
23027,16,PlayStation 3,3209,https://media.rawg.io/media/games/8e4/8e4de3f54ac659e08a7ba6a2b731682a.jpg
23027,14,Xbox 360,2831,https://media.rawg.io/media/games/d1a/d1a2e99ade53494c6330a0ed945fe823.jpg
23027,7,Nintendo Switch,5784,https://media.rawg.io/media/games/8d6/8d69eb6c32ed6acfd75f82d532144993.jpg
23027,1,Xbox One,5744,https://media.rawg.io/media/games/618/618c2031a07bbff6b4f611f10b6bcdbc.jpg
19103,5,macOS,108113,https://media.rawg.io/media/games/49c/49c3dfa4ce2f6f140cc4825868e858cb.jpg
19103,6,Linux,80458,https://media.rawg.io/media/games/fc1/fc1307a2774506b5bd65d7e8424664a7.jpg
19103,4,PC,561279,https://media.rawg.io/media/games/7cf/7cfc9220b401b7a300e409e539c9afd5.jpg
3498,187,PlayStation 5,1528,https://media.rawg.io/media/games/152/152e788b7504aa2753c86dae912fb34c.jpg
3498,186,Xbox Series S/X,1283,https://media.rawg.io/media/games/b29/b294fdd866dcdb643e7bab370a552855.jpg
3498,16,PlayStation 3,3209,https://media.rawg.io/media/games/8e4/8e4de3f54ac659e08a7ba6a2b731682a.jpg
3498,4,PC,561279,https://media.rawg.io/media/games/7cf/7cfc9220b401b7a300e409e539c9afd5.jpg
3498,18,PlayStation 4,7040,https://media.rawg.io/media/games/4be/4be6a6ad0364751a96229c56bf69be59.jpg
3498,14,Xbox 360,2831,https://media.rawg.io/media/games/d1a/d1a2e99ade53494c6330a0ed945fe823.jpg
3498,1,Xbox One,5744,https://media.rawg.io/media/games/618/618c2031a07bbff6b4f611f10b6bcdbc.jpg
3328,187,PlayStation 5,1528,https://media.rawg.io/media/games/152/152e788b7504aa2753c86dae912fb34c.jpg
3328,186,Xbox Series S/X,1283,https://media.rawg.io/media/games/b29/b294fdd866dcdb643e7bab370a552855.jpg
3328,5,macOS,108113,https://media.rawg.io/media/games/49c/49c3dfa4ce2f6f140cc4825868e858cb.jpg
3328,18,PlayStation 4,7040,https://media.rawg.io/media/games/4be/4be6a6ad0364751a96229c56bf69be59.jpg
3328,7,Nintendo Switch,5784,https://media.rawg.io/media/games/8d6/8d69eb6c32ed6acfd75f82d532144993.jpg
3328,4,PC,561279,https://media.rawg.io/media/games/7cf/7cfc9220b401b7a300e409e539c9afd5.jpg
3328,1,Xbox One,5744,https://media.rawg.io/media/games/618/618c2031a07bbff6b4f611f10b6bcdbc.jpg
4200,16,PlayStation 3,3209,https://media.rawg.io/media/games/8e4/8e4de3f54ac659e08a7ba6a2b731682a.jpg
4200,4,PC,561279,https://media.rawg.io/media/games/7cf/7cfc9220b401b7a300e409e539c9afd5.jpg
4200,14,Xbox 360,2831,https://media.rawg.io/media/games/d1a/d1a2e99ade53494c6330a0ed945fe823.jpg
4200,6,Linux,80458,https://media.rawg.io/media/games/fc1/fc1307a2774506b5bd65d7e8424664a7.jpg
4200,5,macOS,108113,https://media.rawg.io/media/games/49c/49c3dfa4ce2f6f140cc4825868e858cb.jpg
4200,1,Xbox One,5744,https://media.rawg.io/media/games/618/618c2031a07bbff6b4f611f10b6bcdbc.jpg
4291,4,PC,561279,https://media.rawg.io/media/games/7cf/7cfc9220b401b7a300e409e539c9afd5.jpg
4291,6,Linux,80458,https://media.rawg.io/media/games/fc1/fc1307a2774506b5bd65d7e8424664a7.jpg
4291,14,Xbox 360,2831,https://media.rawg.io/media/games/d1a/d1a2e99ade53494c6330a0ed945fe823.jpg
4291,16,PlayStation 3,3209,https://media.rawg.io/media/games/8e4/8e4de3f54ac659e08a7ba6a2b731682a.jpg
5286,16,PlayStation 3,3209,https://media.rawg.io/media/games/8e4/8e4de3f54ac659e08a7ba6a2b731682a.jpg
5286,14,Xbox 360,2831,https://media.rawg.io/media/games/d1a/d1a2e99ade53494c6330a0ed945fe823.jpg
5286,5,macOS,108113,https://media.rawg.io/media/games/49c/49c3dfa4ce2f6f140cc4825868e858cb.jpg
5286,4,PC,561279,https://media.rawg.io/media/games/7cf/7cfc9220b401b7a300e409e539c9afd5.jpg
13536,5,macOS,108113,https://media.rawg.io/media/games/49c/49c3dfa4ce2f6f140cc4825868e858cb.jpg
13536,4,PC,561279,https://media.rawg.io/media/games/7cf/7cfc9220b401b7a300e409e539c9afd5.jpg
13536,21,Android,52534,https://media.rawg.io/media/games/095/0953bf01cd4e4dd204aba85489ac9868.jpg
13536,16,PlayStation 3,3209,https://media.rawg.io/media/games/8e4/8e4de3f54ac659e08a7ba6a2b731682a.jpg
13536,14,Xbox 360,2831,https://media.rawg.io/media/games/d1a/d1a2e99ade53494c6330a0ed945fe823.jpg
13536,6,Linux,80458,https://media.rawg.io/media/games/fc1/fc1307a2774506b5bd65d7e8424664a7.jpg
13536,7,Nintendo Switch,5784,https://media.rawg.io/media/games/8d6/8d69eb6c32ed6acfd75f82d532144993.jpg
12020,14,Xbox 360,2831,https://media.rawg.io/media/games/d1a/d1a2e99ade53494c6330a0ed945fe823.jpg
12020,6,Linux,80458,https://media.rawg.io/media/games/fc1/fc1307a2774506b5bd65d7e8424664a7.jpg
12020,4,PC,561279,https://media.rawg.io/media/games/7cf/7cfc9220b401b7a300e409e539c9afd5.jpg
12020,5,macOS,108113,https://media.rawg.io/media/games/49c/49c3dfa4ce2f6f140cc4825868e858cb.jpg
28,4,PC,561279,https://media.rawg.io/media/games/7cf/7cfc9220b401b7a300e409e539c9afd5.jpg
28,18,PlayStation 4,7040,https://media.rawg.io/media/games/4be/4be6a6ad0364751a96229c56bf69be59.jpg
28,1,Xbox One,5744,https://media.rawg.io/media/games/618/618c2031a07bbff6b4f611f10b6bcdbc.jpg
5679,187,PlayStation 5,1528,https://media.rawg.io/media/games/152/152e788b7504aa2753c86dae912fb34c.jpg
5679,18,PlayStation 4,7040,https://media.rawg.io/media/games/4be/4be6a6ad0364751a96229c56bf69be59.jpg
5679,4,PC,561279,https://media.rawg.io/media/games/7cf/7cfc9220b401b7a300e409e539c9afd5.jpg
5679,1,Xbox One,5744,https://media.rawg.io/media/games/618/618c2031a07bbff6b4f611f10b6bcdbc.jpg
5679,186,Xbox Series S/X,1283,https://media.rawg.io/media/games/b29/b294fdd866dcdb643e7bab370a552855.jpg
5679,7,Nintendo Switch,5784,https://media.rawg.io/media/games/8d6/8d69eb6c32ed6acfd75f82d532144993.jpg
5679,14,Xbox 360,2831,https://media.rawg.io/media/games/d1a/d1a2e99ade53494c6330a0ed945fe823.jpg
5679,16,PlayStation 3,3209,https://media.rawg.io/media/games/8e4/8e4de3f54ac659e08a7ba6a2b731682a.jpg
13537,4,PC,561279,https://media.rawg.io/media/games/7cf/7cfc9220b401b7a300e409e539c9afd5.jpg
13537,5,macOS,108113,https://media.rawg.io/media/games/49c/49c3dfa4ce2f6f140cc4825868e858cb.jpg
13537,14,Xbox 360,2831,https://media.rawg.io/media/games/d1a/d1a2e99ade53494c6330a0ed945fe823.jpg
13537,6,Linux,80458,https://media.rawg.io/media/games/fc1/fc1307a2774506b5bd65d7e8424664a7.jpg
13537,80,Xbox,881,https://media.rawg.io/media/games/662/6625a20ca1d13699ee7c191b20a02408.jpg
13537,21,Android,52534,https://media.rawg.io/media/games/095/0953bf01cd4e4dd204aba85489ac9868.jpg
4062,18,PlayStation 4,7040,https://media.rawg.io/media/games/4be/4be6a6ad0364751a96229c56bf69be59.jpg
4062,14,Xbox 360,2831,https://media.rawg.io/media/games/d1a/d1a2e99ade53494c6330a0ed945fe823.jpg
4062,7,Nintendo Switch,5784,https://media.rawg.io/media/games/8d6/8d69eb6c32ed6acfd75f82d532144993.jpg
4062,6,Linux,80458,https://media.rawg.io/media/games/fc1/fc1307a2774506b5bd65d7e8424664a7.jpg
4062,4,PC,561279,https://media.rawg.io/media/games/7cf/7cfc9220b401b7a300e409e539c9afd5.jpg
4062,16,PlayStation 3,3209,https://media.rawg.io/media/games/8e4/8e4de3f54ac659e08a7ba6a2b731682a.jpg
4062,1,Xbox One,5744,https://media.rawg.io/media/games/618/618c2031a07bbff6b4f611f10b6bcdbc.jpg
802,16,PlayStation 3,3209,https://media.rawg.io/media/games/8e4/8e4de3f54ac659e08a7ba6a2b731682a.jpg
802,5,macOS,108113,https://media.rawg.io/media/games/49c/49c3dfa4ce2f6f140cc4825868e858cb.jpg
802,4,PC,561279,https://media.rawg.io/media/games/7cf/7cfc9220b401b7a300e409e539c9afd5.jpg
802,21,Android,52534,https://media.rawg.io/media/games/095/0953bf01cd4e4dd204aba85489ac9868.jpg
802,6,Linux,80458,https://media.rawg.io/media/games/fc1/fc1307a2774506b5bd65d7e8424664a7.jpg
802,19,PS Vita,1461,https://media.rawg.io/media/games/f99/f9979698c43fd84c3ab69280576dd3af.jpg
802,14,Xbox 360,2831,https://media.rawg.io/media/games/d1a/d1a2e99ade53494c6330a0ed945fe823.jpg
3439,3,iOS,77453,https://media.rawg.io/media/games/942/9424d6bb763dc38d9378b488603c87fa.jpg
3439,4,PC,561279,https://media.rawg.io/media/games/7cf/7cfc9220b401b7a300e409e539c9afd5.jpg
3439,6,Linux,80458,https://media.rawg.io/media/games/fc1/fc1307a2774506b5bd65d7e8424664a7.jpg
3439,16,PlayStation 3,3209,https://media.rawg.io/media/games/8e4/8e4de3f54ac659e08a7ba6a2b731682a.jpg
3439,5,macOS,108113,https://media.rawg.io/media/games/49c/49c3dfa4ce2f6f140cc4825868e858cb.jpg
3439,14,Xbox 360,2831,https://media.rawg.io/media/games/d1a/d1a2e99ade53494c6330a0ed945fe823.jpg
3439,21,Android,52534,https://media.rawg.io/media/games/095/0953bf01cd4e4dd204aba85489ac9868.jpg
3439,18,PlayStation 4,7040,https://media.rawg.io/media/games/4be/4be6a6ad0364751a96229c56bf69be59.jpg
3439,1,Xbox One,5744,https://media.rawg.io/media/games/618/618c2031a07bbff6b4f611f10b6bcdbc.jpg
4286,16,PlayStation 3,3209,https://media.rawg.io/media/games/8e4/8e4de3f54ac659e08a7ba6a2b731682a.jpg
4286,5,macOS,108113,https://media.rawg.io/media/games/49c/49c3dfa4ce2f6f140cc4825868e858cb.jpg
4286,4,PC,561279,https://media.rawg.io/media/games/7cf/7cfc9220b401b7a300e409e539c9afd5.jpg
4286,14,Xbox 360,2831,https://media.rawg.io/media/games/d1a/d1a2e99ade53494c6330a0ed945fe823.jpg
58175,4,PC,561279,https://media.rawg.io/media/games/7cf/7cfc9220b401b7a300e409e539c9afd5.jpg
58175,18,PlayStation 4,7040,https://media.rawg.io/media/games/4be/4be6a6ad0364751a96229c56bf69be59.jpg
32,18,PlayStation 4,7040,https://media.rawg.io/media/games/4be/4be6a6ad0364751a96229c56bf69be59.jpg
32,1,Xbox One,5744,https://media.rawg.io/media/games/618/618c2031a07bbff6b4f611f10b6bcdbc.jpg
32,4,PC,561279,https://media.rawg.io/media/games/7cf/7cfc9220b401b7a300e409e539c9afd5.jpg
32,171,Web,260067,https://media.rawg.io/media/games/8ba/8ba1178d043aa752838d68b14fffb922.jpg
32,186,Xbox Series S/X,1283,https://media.rawg.io/media/games/b29/b294fdd866dcdb643e7bab370a552855.jpg
32,187,PlayStation 5,1528,https://media.rawg.io/media/games/152/152e788b7504aa2753c86dae912fb34c.jpg
3070,18,PlayStation 4,7040,https://media.rawg.io/media/games/4be/4be6a6ad0364751a96229c56bf69be59.jpg
3070,4,PC,561279,https://media.rawg.io/media/games/7cf/7cfc9220b401b7a300e409e539c9afd5.jpg
3070,187,PlayStation 5,1528,https://media.rawg.io/media/games/152/152e788b7504aa2753c86dae912fb34c.jpg
3070,1,Xbox One,5744,https://media.rawg.io/media/games/618/618c2031a07bbff6b4f611f10b6bcdbc.jpg
1030,4,PC,561279,https://media.rawg.io/media/games/7cf/7cfc9220b401b7a300e409e539c9afd5.jpg
1030,21,Android,52534,https://media.rawg.io/media/games/095/0953bf01cd4e4dd204aba85489ac9868.jpg
1030,19,PS Vita,1461,https://media.rawg.io/media/games/f99/f9979698c43fd84c3ab69280576dd3af.jpg
1030,18,PlayStation 4,7040,https://media.rawg.io/media/games/4be/4be6a6ad0364751a96229c56bf69be59.jpg
1030,16,PlayStation 3,3209,https://media.rawg.io/media/games/8e4/8e4de3f54ac659e08a7ba6a2b731682a.jpg
1030,14,Xbox 360,2831,https://media.rawg.io/media/games/d1a/d1a2e99ade53494c6330a0ed945fe823.jpg
1030,6,Linux,80458,https://media.rawg.io/media/games/fc1/fc1307a2774506b5bd65d7e8424664a7.jpg
1030,5,macOS,108113,https://media.rawg.io/media/games/49c/49c3dfa4ce2f6f140cc4825868e858cb.jpg
1030,3,iOS,77453,https://media.rawg.io/media/games/942/9424d6bb763dc38d9378b488603c87fa.jpg
1030,1,Xbox One,5744,https://media.rawg.io/media/games/618/618c2031a07bbff6b4f611f10b6bcdbc.jpg
1030,7,Nintendo Switch,5784,https://media.rawg.io/media/games/8d6/8d69eb6c32ed6acfd75f82d532144993.jpg
3939,6,Linux,80458,https://media.rawg.io/media/games/fc1/fc1307a2774506b5bd65d7e8424664a7.jpg
3939,4,PC,561279,https://media.rawg.io/media/games/7cf/7cfc9220b401b7a300e409e539c9afd5.jpg
3939,1,Xbox One,5744,https://media.rawg.io/media/games/618/618c2031a07bbff6b4f611f10b6bcdbc.jpg
11859,6,Linux,80458,https://media.rawg.io/media/games/fc1/fc1307a2774506b5bd65d7e8424664a7.jpg
11859,5,macOS,108113,https://media.rawg.io/media/games/49c/49c3dfa4ce2f6f140cc4825868e858cb.jpg
11859,4,PC,561279,https://media.rawg.io/media/games/7cf/7cfc9220b401b7a300e409e539c9afd5.jpg
2454,4,PC,561279,https://media.rawg.io/media/games/7cf/7cfc9220b401b7a300e409e539c9afd5.jpg
2454,18,PlayStation 4,7040,https://media.rawg.io/media/games/4be/4be6a6ad0364751a96229c56bf69be59.jpg
2454,7,Nintendo Switch,5784,https://media.rawg.io/media/games/8d6/8d69eb6c32ed6acfd75f82d532144993.jpg
2454,1,Xbox One,5744,https://media.rawg.io/media/games/618/618c2031a07bbff6b4f611f10b6bcdbc.jpg
41494,7,Nintendo Switch,5784,https://media.rawg.io/media/games/8d6/8d69eb6c32ed6acfd75f82d532144993.jpg
41494,18,PlayStation 4,7040,https://media.rawg.io/media/games/4be/4be6a6ad0364751a96229c56bf69be59.jpg
41494,4,PC,561279,https://media.rawg.io/media/games/7cf/7cfc9220b401b7a300e409e539c9afd5.jpg
41494,186,Xbox Series S/X,1283,https://media.rawg.io/media/games/b29/b294fdd866dcdb643e7bab370a552855.jpg
41494,187,PlayStation 5,1528,https://media.rawg.io/media/games/152/152e788b7504aa2753c86dae912fb34c.jpg
41494,1,Xbox One,5744,https://media.rawg.io/media/games/618/618c2031a07bbff6b4f611f10b6bcdbc.jpg
422,14,Xbox 360,2831,https://media.rawg.io/media/games/d1a/d1a2e99ade53494c6330a0ed945fe823.jpg
422,10,Wii U,1114,https://media.rawg.io/media/games/f46/f466571d536f2e3ea9e815ad17177501.jpg
422,8,Nintendo 3DS,1682,https://media.rawg.io/media/games/041/041026016869e440fb1fb2b6be5222c4.jpg
422,1,Xbox One,5744,https://media.rawg.io/media/games/618/618c2031a07bbff6b4f611f10b6bcdbc.jpg
422,18,PlayStation 4,7040,https://media.rawg.io/media/games/4be/4be6a6ad0364751a96229c56bf69be59.jpg
422,3,iOS,77453,https://media.rawg.io/media/games/942/9424d6bb763dc38d9378b488603c87fa.jpg
422,4,PC,561279,https://media.rawg.io/media/games/7cf/7cfc9220b401b7a300e409e539c9afd5.jpg
422,5,macOS,108113,https://media.rawg.io/media/games/49c/49c3dfa4ce2f6f140cc4825868e858cb.jpg
422,6,Linux,80458,https://media.rawg.io/media/games/fc1/fc1307a2774506b5bd65d7e8424664a7.jpg
422,7,Nintendo Switch,5784,https://media.rawg.io/media/games/8d6/8d69eb6c32ed6acfd75f82d532144993.jpg
422,16,PlayStation 3,3209,https://media.rawg.io/media/games/8e4/8e4de3f54ac659e08a7ba6a2b731682a.jpg
422,19,PS Vita,1461,https://media.rawg.io/media/games/f99/f9979698c43fd84c3ab69280576dd3af.jpg
422,21,Android,52534,https://media.rawg.io/media/games/095/0953bf01cd4e4dd204aba85489ac9868.jpg
4459,14,Xbox 360,2831,https://media.rawg.io/media/games/d1a/d1a2e99ade53494c6330a0ed945fe823.jpg
4459,4,PC,561279,https://media.rawg.io/media/games/7cf/7cfc9220b401b7a300e409e539c9afd5.jpg
4459,16,PlayStation 3,3209,https://media.rawg.io/media/games/8e4/8e4de3f54ac659e08a7ba6a2b731682a.jpg
4459,1,Xbox One,5744,https://media.rawg.io/media/games/618/618c2031a07bbff6b4f611f10b6bcdbc.jpg
10213,6,Linux,80458,https://media.rawg.io/media/games/fc1/fc1307a2774506b5bd65d7e8424664a7.jpg
10213,5,macOS,108113,https://media.rawg.io/media/games/49c/49c3dfa4ce2f6f140cc4825868e858cb.jpg
10213,4,PC,561279,https://media.rawg.io/media/games/7cf/7cfc9220b401b7a300e409e539c9afd5.jpg
766,3,iOS,77453,https://media.rawg.io/media/games/942/9424d6bb763dc38d9378b488603c87fa.jpg
766,186,Xbox Series S/X,1283,https://media.rawg.io/media/games/b29/b294fdd866dcdb643e7bab370a552855.jpg
766,187,PlayStation 5,1528,https://media.rawg.io/media/games/152/152e788b7504aa2753c86dae912fb34c.jpg
766,18,PlayStation 4,7040,https://media.rawg.io/media/games/4be/4be6a6ad0364751a96229c56bf69be59.jpg
766,1,Xbox One,5744,https://media.rawg.io/media/games/618/618c2031a07bbff6b4f611f10b6bcdbc.jpg
766,7,Nintendo Switch,5784,https://media.rawg.io/media/games/8d6/8d69eb6c32ed6acfd75f82d532144993.jpg
766,4,PC,561279,https://media.rawg.io/media/games/7cf/7cfc9220b401b7a300e409e539c9afd5.jpg
3272,7,Nintendo Switch,5784,https://media.rawg.io/media/games/8d6/8d69eb6c32ed6acfd75f82d532144993.jpg
3272,5,macOS,108113,https://media.rawg.io/media/games/49c/49c3dfa4ce2f6f140cc4825868e858cb.jpg
3272,4,PC,561279,https://media.rawg.io/media/games/7cf/7cfc9220b401b7a300e409e539c9afd5.jpg
3272,6,Linux,80458,https://media.rawg.io/media/games/fc1/fc1307a2774506b5bd65d7e8424664a7.jpg
3272,1,Xbox One,5744,https://media.rawg.io/media/games/618/618c2031a07bbff6b4f611f10b6bcdbc.jpg
3272,18,PlayStation 4,7040,https://media.rawg.io/media/games/4be/4be6a6ad0364751a96229c56bf69be59.jpg
278,4,PC,561279,https://media.rawg.io/media/games/7cf/7cfc9220b401b7a300e409e539c9afd5.jpg
278,18,PlayStation 4,7040,https://media.rawg.io/media/games/4be/4be6a6ad0364751a96229c56bf69be59.jpg
29028,4,PC,561279,https://media.rawg.io/media/games/7cf/7cfc9220b401b7a300e409e539c9afd5.jpg
29028,14,Xbox 360,2831,https://media.rawg.io/media/games/d1a/d1a2e99ade53494c6330a0ed945fe823.jpg
7689,1,Xbox One,5744,https://media.rawg.io/media/games/618/618c2031a07bbff6b4f611f10b6bcdbc.jpg
7689,4,PC,561279,https://media.rawg.io/media/games/7cf/7cfc9220b401b7a300e409e539c9afd5.jpg
7689,5,macOS,108113,https://media.rawg.io/media/games/49c/49c3dfa4ce2f6f140cc4825868e858cb.jpg
7689,18,PlayStation 4,7040,https://media.rawg.io/media/games/4be/4be6a6ad0364751a96229c56bf69be59.jpg
3287,4,PC,561279,https://media.rawg.io/media/games/7cf/7cfc9220b401b7a300e409e539c9afd5.jpg
3287,7,Nintendo Switch,5784,https://media.rawg.io/media/games/8d6/8d69eb6c32ed6acfd75f82d532144993.jpg
3287,1,Xbox One,5744,https://media.rawg.io/media/games/618/618c2031a07bbff6b4f611f10b6bcdbc.jpg
3287,18,PlayStation 4,7040,https://media.rawg.io/media/games/4be/4be6a6ad0364751a96229c56bf69be59.jpg
3192,18,PlayStation 4,7040,https://media.rawg.io/media/games/4be/4be6a6ad0364751a96229c56bf69be59.jpg
3192,4,PC,561279,https://media.rawg.io/media/games/7cf/7cfc9220b401b7a300e409e539c9afd5.jpg
3192,1,Xbox One,5744,https://media.rawg.io/media/games/618/618c2031a07bbff6b4f611f10b6bcdbc.jpg
3192,16,PlayStation 3,3209,https://media.rawg.io/media/games/8e4/8e4de3f54ac659e08a7ba6a2b731682a.jpg
3192,14,Xbox 360,2831,https://media.rawg.io/media/games/d1a/d1a2e99ade53494c6330a0ed945fe823.jpg
416,5,macOS,108113,https://media.rawg.io/media/games/49c/49c3dfa4ce2f6f140cc4825868e858cb.jpg
416,4,PC,561279,https://media.rawg.io/media/games/7cf/7cfc9220b401b7a300e409e539c9afd5.jpg
416,3,iOS,77453,https://media.rawg.io/media/games/942/9424d6bb763dc38d9378b488603c87fa.jpg
416,80,Xbox,881,https://media.rawg.io/media/games/662/6625a20ca1d13699ee7c191b20a02408.jpg
416,21,Android,52534,https://media.rawg.io/media/games/095/0953bf01cd4e4dd204aba85489ac9868.jpg
416,18,PlayStation 4,7040,https://media.rawg.io/media/games/4be/4be6a6ad0364751a96229c56bf69be59.jpg
416,16,PlayStation 3,3209,https://media.rawg.io/media/games/8e4/8e4de3f54ac659e08a7ba6a2b731682a.jpg
416,15,PlayStation 2,3124,https://media.rawg.io/media/games/459/459ac8745027643ed7338516c0025cf7.jpg
416,14,Xbox 360,2831,https://media.rawg.io/media/games/d1a/d1a2e99ade53494c6330a0ed945fe823.jpg
416,1,Xbox One,5744,https://media.rawg.io/media/games/618/618c2031a07bbff6b4f611f10b6bcdbc.jpg
16944,5,macOS,108113,https://media.rawg.io/media/games/49c/49c3dfa4ce2f6f140cc4825868e858cb.jpg
16944,4,PC,561279,https://media.rawg.io/media/games/7cf/7cfc9220b401b7a300e409e539c9afd5.jpg
16944,14,Xbox 360,2831,https://media.rawg.io/media/games/d1a/d1a2e99ade53494c6330a0ed945fe823.jpg
290856,18,PlayStation 4,7040,https://media.rawg.io/media/games/4be/4be6a6ad0364751a96229c56bf69be59.jpg
290856,7,Nintendo Switch,5784,https://media.rawg.io/media/games/8d6/8d69eb6c32ed6acfd75f82d532144993.jpg
290856,5,macOS,108113,https://media.rawg.io/media/games/49c/49c3dfa4ce2f6f140cc4825868e858cb.jpg
290856,4,PC,561279,https://media.rawg.io/media/games/7cf/7cfc9220b401b7a300e409e539c9afd5.jpg
290856,1,Xbox One,5744,https://media.rawg.io/media/games/618/618c2031a07bbff6b4f611f10b6bcdbc.jpg
17822,4,PC,561279,https://media.rawg.io/media/games/7cf/7cfc9220b401b7a300e409e539c9afd5.jpg
17822,5,macOS,108113,https://media.rawg.io/media/games/49c/49c3dfa4ce2f6f140cc4825868e858cb.jpg
9767,18,PlayStation 4,7040,https://media.rawg.io/media/games/4be/4be6a6ad0364751a96229c56bf69be59.jpg
9767,6,Linux,80458,https://media.rawg.io/media/games/fc1/fc1307a2774506b5bd65d7e8424664a7.jpg
9767,5,macOS,108113,https://media.rawg.io/media/games/49c/49c3dfa4ce2f6f140cc4825868e858cb.jpg
9767,4,PC,561279,https://media.rawg.io/media/games/7cf/7cfc9220b401b7a300e409e539c9afd5.jpg
9767,7,Nintendo Switch,5784,https://media.rawg.io/media/games/8d6/8d69eb6c32ed6acfd75f82d532144993.jpg
9767,1,Xbox One,5744,https://media.rawg.io/media/games/618/618c2031a07bbff6b4f611f10b6bcdbc.jpg
11973,6,Linux,80458,https://media.rawg.io/media/games/fc1/fc1307a2774506b5bd65d7e8424664a7.jpg
11973,1,Xbox One,5744,https://media.rawg.io/media/games/618/618c2031a07bbff6b4f611f10b6bcdbc.jpg
11973,14,Xbox 360,2831,https://media.rawg.io/media/games/d1a/d1a2e99ade53494c6330a0ed945fe823.jpg
11973,16,PlayStation 3,3209,https://media.rawg.io/media/games/8e4/8e4de3f54ac659e08a7ba6a2b731682a.jpg
11973,18,PlayStation 4,7040,https://media.rawg.io/media/games/4be/4be6a6ad0364751a96229c56bf69be59.jpg
11973,5,macOS,108113,https://media.rawg.io/media/games/49c/49c3dfa4ce2f6f140cc4825868e858cb.jpg
11973,4,PC,561279,https://media.rawg.io/media/games/7cf/7cfc9220b401b7a300e409e539c9afd5.jpg
23027,21,Android,52534,https://media.rawg.io/media/games/095/0953bf01cd4e4dd204aba85489ac9868.jpg
23027,19,PS Vita,1461,https://media.rawg.io/media/games/f99/f9979698c43fd84c3ab69280576dd3af.jpg
23027,5,macOS,108113,https://media.rawg.io/media/games/49c/49c3dfa4ce2f6f140cc4825868e858cb.jpg
23027,4,PC,561279,https://media.rawg.io/media/games/7cf/7cfc9220b401b7a300e409e539c9afd5.jpg
23027,3,iOS,77453,https://media.rawg.io/media/games/942/9424d6bb763dc38d9378b488603c87fa.jpg
23027,18,PlayStation 4,7040,https://media.rawg.io/media/games/4be/4be6a6ad0364751a96229c56bf69be59.jpg
23027,16,PlayStation 3,3209,https://media.rawg.io/media/games/8e4/8e4de3f54ac659e08a7ba6a2b731682a.jpg
23027,14,Xbox 360,2831,https://media.rawg.io/media/games/d1a/d1a2e99ade53494c6330a0ed945fe823.jpg
23027,7,Nintendo Switch,5784,https://media.rawg.io/media/games/8d6/8d69eb6c32ed6acfd75f82d532144993.jpg
23027,1,Xbox One,5744,https://media.rawg.io/media/games/618/618c2031a07bbff6b4f611f10b6bcdbc.jpg
19103,5,macOS,108113,https://media.rawg.io/media/games/49c/49c3dfa4ce2f6f140cc4825868e858cb.jpg
19103,6,Linux,80458,https://media.rawg.io/media/games/fc1/fc1307a2774506b5bd65d7e8424664a7.jpg
19103,4,PC,561279,https://media.rawg.io/media/games/7cf/7cfc9220b401b7a300e409e539c9afd5.jpg
3498,187,PlayStation 5,1528,https://media.rawg.io/media/games/152/152e788b7504aa2753c86dae912fb34c.jpg
3498,186,Xbox Series S/X,1283,https://media.rawg.io/media/games/b29/b294fdd866dcdb643e7bab370a552855.jpg
3498,16,PlayStation 3,3209,https://media.rawg.io/media/games/8e4/8e4de3f54ac659e08a7ba6a2b731682a.jpg
3498,4,PC,561279,https://media.rawg.io/media/games/7cf/7cfc9220b401b7a300e409e539c9afd5.jpg
3498,18,PlayStation 4,7040,https://media.rawg.io/media/games/4be/4be6a6ad0364751a96229c56bf69be59.jpg
3498,14,Xbox 360,2831,https://media.rawg.io/media/games/d1a/d1a2e99ade53494c6330a0ed945fe823.jpg
3498,1,Xbox One,5744,https://media.rawg.io/media/games/618/618c2031a07bbff6b4f611f10b6bcdbc.jpg
3328,187,PlayStation 5,1528,https://media.rawg.io/media/games/152/152e788b7504aa2753c86dae912fb34c.jpg
3328,186,Xbox Series S/X,1283,https://media.rawg.io/media/games/b29/b294fdd866dcdb643e7bab370a552855.jpg
3328,5,macOS,108113,https://media.rawg.io/media/games/49c/49c3dfa4ce2f6f140cc4825868e858cb.jpg
3328,18,PlayStation 4,7040,https://media.rawg.io/media/games/4be/4be6a6ad0364751a96229c56bf69be59.jpg
3328,7,Nintendo Switch,5784,https://media.rawg.io/media/games/8d6/8d69eb6c32ed6acfd75f82d532144993.jpg
3328,4,PC,561279,https://media.rawg.io/media/games/7cf/7cfc9220b401b7a300e409e539c9afd5.jpg
3328,1,Xbox One,5744,https://media.rawg.io/media/games/618/618c2031a07bbff6b4f611f10b6bcdbc.jpg
4200,16,PlayStation 3,3209,https://media.rawg.io/media/games/8e4/8e4de3f54ac659e08a7ba6a2b731682a.jpg
4200,4,PC,561279,https://media.rawg.io/media/games/7cf/7cfc9220b401b7a300e409e539c9afd5.jpg
4200,14,Xbox 360,2831,https://media.rawg.io/media/games/d1a/d1a2e99ade53494c6330a0ed945fe823.jpg
4200,6,Linux,80458,https://media.rawg.io/media/games/fc1/fc1307a2774506b5bd65d7e8424664a7.jpg
4200,5,macOS,108113,https://media.rawg.io/media/games/49c/49c3dfa4ce2f6f140cc4825868e858cb.jpg
4200,1,Xbox One,5744,https://media.rawg.io/media/games/618/618c2031a07bbff6b4f611f10b6bcdbc.jpg
4291,4,PC,561279,https://media.rawg.io/media/games/7cf/7cfc9220b401b7a300e409e539c9afd5.jpg
4291,6,Linux,80458,https://media.rawg.io/media/games/fc1/fc1307a2774506b5bd65d7e8424664a7.jpg
4291,14,Xbox 360,2831,https://media.rawg.io/media/games/d1a/d1a2e99ade53494c6330a0ed945fe823.jpg
4291,16,PlayStation 3,3209,https://media.rawg.io/media/games/8e4/8e4de3f54ac659e08a7ba6a2b731682a.jpg
5286,16,PlayStation 3,3209,https://media.rawg.io/media/games/8e4/8e4de3f54ac659e08a7ba6a2b731682a.jpg
5286,14,Xbox 360,2831,https://media.rawg.io/media/games/d1a/d1a2e99ade53494c6330a0ed945fe823.jpg
5286,5,macOS,108113,https://media.rawg.io/media/games/49c/49c3dfa4ce2f6f140cc4825868e858cb.jpg
5286,4,PC,561279,https://media.rawg.io/media/games/7cf/7cfc9220b401b7a300e409e539c9afd5.jpg
13536,5,macOS,108113,https://media.rawg.io/media/games/49c/49c3dfa4ce2f6f140cc4825868e858cb.jpg
13536,4,PC,561279,https://media.rawg.io/media/games/7cf/7cfc9220b401b7a300e409e539c9afd5.jpg
13536,21,Android,52534,https://media.rawg.io/media/games/095/0953bf01cd4e4dd204aba85489ac9868.jpg
13536,16,PlayStation 3,3209,https://media.rawg.io/media/games/8e4/8e4de3f54ac659e08a7ba6a2b731682a.jpg
13536,14,Xbox 360,2831,https://media.rawg.io/media/games/d1a/d1a2e99ade53494c6330a0ed945fe823.jpg
13536,6,Linux,80458,https://media.rawg.io/media/games/fc1/fc1307a2774506b5bd65d7e8424664a7.jpg
13536,7,Nintendo Switch,5784,https://media.rawg.io/media/games/8d6/8d69eb6c32ed6acfd75f82d532144993.jpg
12020,14,Xbox 360,2831,https://media.rawg.io/media/games/d1a/d1a2e99ade53494c6330a0ed945fe823.jpg
12020,6,Linux,80458,https://media.rawg.io/media/games/fc1/fc1307a2774506b5bd65d7e8424664a7.jpg
12020,4,PC,561279,https://media.rawg.io/media/games/7cf/7cfc9220b401b7a300e409e539c9afd5.jpg
12020,5,macOS,108113,https://media.rawg.io/media/games/49c/49c3dfa4ce2f6f140cc4825868e858cb.jpg
28,4,PC,561279,https://media.rawg.io/media/games/7cf/7cfc9220b401b7a300e409e539c9afd5.jpg
28,18,PlayStation 4,7040,https://media.rawg.io/media/games/4be/4be6a6ad0364751a96229c56bf69be59.jpg
28,1,Xbox One,5744,https://media.rawg.io/media/games/618/618c2031a07bbff6b4f611f10b6bcdbc.jpg
5679,187,PlayStation 5,1528,https://media.rawg.io/media/games/152/152e788b7504aa2753c86dae912fb34c.jpg
5679,18,PlayStation 4,7040,https://media.rawg.io/media/games/4be/4be6a6ad0364751a96229c56bf69be59.jpg
5679,4,PC,561279,https://media.rawg.io/media/games/7cf/7cfc9220b401b7a300e409e539c9afd5.jpg
5679,1,Xbox One,5744,https://media.rawg.io/media/games/618/618c2031a07bbff6b4f611f10b6bcdbc.jpg
5679,186,Xbox Series S/X,1283,https://media.rawg.io/media/games/b29/b294fdd866dcdb643e7bab370a552855.jpg
5679,7,Nintendo Switch,5784,https://media.rawg.io/media/games/8d6/8d69eb6c32ed6acfd75f82d532144993.jpg
5679,14,Xbox 360,2831,https://media.rawg.io/media/games/d1a/d1a2e99ade53494c6330a0ed945fe823.jpg
5679,16,PlayStation 3,3209,https://media.rawg.io/media/games/8e4/8e4de3f54ac659e08a7ba6a2b731682a.jpg
13537,4,PC,561279,https://media.rawg.io/media/games/7cf/7cfc9220b401b7a300e409e539c9afd5.jpg
13537,5,macOS,108113,https://media.rawg.io/media/games/49c/49c3dfa4ce2f6f140cc4825868e858cb.jpg
13537,14,Xbox 360,2831,https://media.rawg.io/media/games/d1a/d1a2e99ade53494c6330a0ed945fe823.jpg
13537,6,Linux,80458,https://media.rawg.io/media/games/fc1/fc1307a2774506b5bd65d7e8424664a7.jpg
13537,80,Xbox,881,https://media.rawg.io/media/games/662/6625a20ca1d13699ee7c191b20a02408.jpg
13537,21,Android,52534,https://media.rawg.io/media/games/095/0953bf01cd4e4dd204aba85489ac9868.jpg
4062,18,PlayStation 4,7040,https://media.rawg.io/media/games/4be/4be6a6ad0364751a96229c56bf69be59.jpg
4062,14,Xbox 360,2831,https://media.rawg.io/media/games/d1a/d1a2e99ade53494c6330a0ed945fe823.jpg
4062,7,Nintendo Switch,5784,https://media.rawg.io/media/games/8d6/8d69eb6c32ed6acfd75f82d532144993.jpg
4062,6,Linux,80458,https://media.rawg.io/media/games/fc1/fc1307a2774506b5bd65d7e8424664a7.jpg
4062,4,PC,561279,https://media.rawg.io/media/games/7cf/7cfc9220b401b7a300e409e539c9afd5.jpg
4062,16,PlayStation 3,3209,https://media.rawg.io/media/games/8e4/8e4de3f54ac659e08a7ba6a2b731682a.jpg
4062,1,Xbox One,5744,https://media.rawg.io/media/games/618/618c2031a07bbff6b4f611f10b6bcdbc.jpg
802,16,PlayStation 3,3209,https://media.rawg.io/media/games/8e4/8e4de3f54ac659e08a7ba6a2b731682a.jpg
802,5,macOS,108113,https://media.rawg.io/media/games/49c/49c3dfa4ce2f6f140cc4825868e858cb.jpg
802,4,PC,561279,https://media.rawg.io/media/games/7cf/7cfc9220b401b7a300e409e539c9afd5.jpg
802,21,Android,52534,https://media.rawg.io/media/games/095/0953bf01cd4e4dd204aba85489ac9868.jpg
802,6,Linux,80458,https://media.rawg.io/media/games/fc1/fc1307a2774506b5bd65d7e8424664a7.jpg
802,19,PS Vita,1461,https://media.rawg.io/media/games/f99/f9979698c43fd84c3ab69280576dd3af.jpg
802,14,Xbox 360,2831,https://media.rawg.io/media/games/d1a/d1a2e99ade53494c6330a0ed945fe823.jpg
3439,3,iOS,77453,https://media.rawg.io/media/games/942/9424d6bb763dc38d9378b488603c87fa.jpg
3439,4,PC,561279,https://media.rawg.io/media/games/7cf/7cfc9220b401b7a300e409e539c9afd5.jpg
3439,6,Linux,80458,https://media.rawg.io/media/games/fc1/fc1307a2774506b5bd65d7e8424664a7.jpg
3439,16,PlayStation 3,3209,https://media.rawg.io/media/games/8e4/8e4de3f54ac659e08a7ba6a2b731682a.jpg
3439,5,macOS,108113,https://media.rawg.io/media/games/49c/49c3dfa4ce2f6f140cc4825868e858cb.jpg
3439,14,Xbox 360,2831,https://media.rawg.io/media/games/d1a/d1a2e99ade53494c6330a0ed945fe823.jpg
3439,21,Android,52534,https://media.rawg.io/media/games/095/0953bf01cd4e4dd204aba85489ac9868.jpg
3439,18,PlayStation 4,7040,https://media.rawg.io/media/games/4be/4be6a6ad0364751a96229c56bf69be59.jpg
3439,1,Xbox One,5744,https://media.rawg.io/media/games/618/618c2031a07bbff6b4f611f10b6bcdbc.jpg
4286,16,PlayStation 3,3209,https://media.rawg.io/media/games/8e4/8e4de3f54ac659e08a7ba6a2b731682a.jpg
4286,5,macOS,108113,https://media.rawg.io/media/games/49c/49c3dfa4ce2f6f140cc4825868e858cb.jpg
4286,4,PC,561279,https://media.rawg.io/media/games/7cf/7cfc9220b401b7a300e409e539c9afd5.jpg
4286,14,Xbox 360,2831,https://media.rawg.io/media/games/d1a/d1a2e99ade53494c6330a0ed945fe823.jpg
58175,4,PC,561279,https://media.rawg.io/media/games/7cf/7cfc9220b401b7a300e409e539c9afd5.jpg
58175,18,PlayStation 4,7040,https://media.rawg.io/media/games/4be/4be6a6ad0364751a96229c56bf69be59.jpg
32,18,PlayStation 4,7040,https://media.rawg.io/media/games/4be/4be6a6ad0364751a96229c56bf69be59.jpg
32,1,Xbox One,5744,https://media.rawg.io/media/games/618/618c2031a07bbff6b4f611f10b6bcdbc.jpg
32,4,PC,561279,https://media.rawg.io/media/games/7cf/7cfc9220b401b7a300e409e539c9afd5.jpg
32,171,Web,260067,https://media.rawg.io/media/games/8ba/8ba1178d043aa752838d68b14fffb922.jpg
32,186,Xbox Series S/X,1283,https://media.rawg.io/media/games/b29/b294fdd866dcdb643e7bab370a552855.jpg
32,187,PlayStation 5,1528,https://media.rawg.io/media/games/152/152e788b7504aa2753c86dae912fb34c.jpg
3070,18,PlayStation 4,7040,https://media.rawg.io/media/games/4be/4be6a6ad0364751a96229c56bf69be59.jpg
3070,4,PC,561279,https://media.rawg.io/media/games/7cf/7cfc9220b401b7a300e409e539c9afd5.jpg
3070,187,PlayStation 5,1528,https://media.rawg.io/media/games/152/152e788b7504aa2753c86dae912fb34c.jpg
3070,1,Xbox One,5744,https://media.rawg.io/media/games/618/618c2031a07bbff6b4f611f10b6bcdbc.jpg
1030,4,PC,561279,https://media.rawg.io/media/games/7cf/7cfc9220b401b7a300e409e539c9afd5.jpg
1030,21,Android,52534,https://media.rawg.io/media/games/095/0953bf01cd4e4dd204aba85489ac9868.jpg
1030,19,PS Vita,1461,https://media.rawg.io/media/games/f99/f9979698c43fd84c3ab69280576dd3af.jpg
1030,18,PlayStation 4,7040,https://media.rawg.io/media/games/4be/4be6a6ad0364751a96229c56bf69be59.jpg
1030,16,PlayStation 3,3209,https://media.rawg.io/media/games/8e4/8e4de3f54ac659e08a7ba6a2b731682a.jpg
1030,14,Xbox 360,2831,https://media.rawg.io/media/games/d1a/d1a2e99ade53494c6330a0ed945fe823.jpg
1030,6,Linux,80458,https://media.rawg.io/media/games/fc1/fc1307a2774506b5bd65d7e8424664a7.jpg
1030,5,macOS,108113,https://media.rawg.io/media/games/49c/49c3dfa4ce2f6f140cc4825868e858cb.jpg
1030,3,iOS,77453,https://media.rawg.io/media/games/942/9424d6bb763dc38d9378b488603c87fa.jpg
1030,1,Xbox One,5744,https://media.rawg.io/media/games/618/618c2031a07bbff6b4f611f10b6bcdbc.jpg
1030,7,Nintendo Switch,5784,https://media.rawg.io/media/games/8d6/8d69eb6c32ed6acfd75f82d532144993.jpg
3939,6,Linux,80458,https://media.rawg.io/media/games/fc1/fc1307a2774506b5bd65d7e8424664a7.jpg
3939,4,PC,561279,https://media.rawg.io/media/games/7cf/7cfc9220b401b7a300e409e539c9afd5.jpg
3939,1,Xbox One,5744,https://media.rawg.io/media/games/618/618c2031a07bbff6b4f611f10b6bcdbc.jpg
11859,6,Linux,80458,https://media.rawg.io/media/games/fc1/fc1307a2774506b5bd65d7e8424664a7.jpg
11859,5,macOS,108113,https://media.rawg.io/media/games/49c/49c3dfa4ce2f6f140cc4825868e858cb.jpg
11859,4,PC,561279,https://media.rawg.io/media/games/7cf/7cfc9220b401b7a300e409e539c9afd5.jpg
2454,4,PC,561279,https://media.rawg.io/media/games/7cf/7cfc9220b401b7a300e409e539c9afd5.jpg
2454,18,PlayStation 4,7040,https://media.rawg.io/media/games/4be/4be6a6ad0364751a96229c56bf69be59.jpg
2454,7,Nintendo Switch,5784,https://media.rawg.io/media/games/8d6/8d69eb6c32ed6acfd75f82d532144993.jpg
2454,1,Xbox One,5744,https://media.rawg.io/media/games/618/618c2031a07bbff6b4f611f10b6bcdbc.jpg
41494,7,Nintendo Switch,5784,https://media.rawg.io/media/games/8d6/8d69eb6c32ed6acfd75f82d532144993.jpg
41494,18,PlayStation 4,7040,https://media.rawg.io/media/games/4be/4be6a6ad0364751a96229c56bf69be59.jpg
41494,4,PC,561279,https://media.rawg.io/media/games/7cf/7cfc9220b401b7a300e409e539c9afd5.jpg
41494,186,Xbox Series S/X,1283,https://media.rawg.io/media/games/b29/b294fdd866dcdb643e7bab370a552855.jpg
41494,187,PlayStation 5,1528,https://media.rawg.io/media/games/152/152e788b7504aa2753c86dae912fb34c.jpg
41494,1,Xbox One,5744,https://media.rawg.io/media/games/618/618c2031a07bbff6b4f611f10b6bcdbc.jpg
422,14,Xbox 360,2831,https://media.rawg.io/media/games/d1a/d1a2e99ade53494c6330a0ed945fe823.jpg
422,10,Wii U,1114,https://media.rawg.io/media/games/f46/f466571d536f2e3ea9e815ad17177501.jpg
422,8,Nintendo 3DS,1682,https://media.rawg.io/media/games/041/041026016869e440fb1fb2b6be5222c4.jpg
422,1,Xbox One,5744,https://media.rawg.io/media/games/618/618c2031a07bbff6b4f611f10b6bcdbc.jpg
422,18,PlayStation 4,7040,https://media.rawg.io/media/games/4be/4be6a6ad0364751a96229c56bf69be59.jpg
422,3,iOS,77453,https://media.rawg.io/media/games/942/9424d6bb763dc38d9378b488603c87fa.jpg
422,4,PC,561279,https://media.rawg.io/media/games/7cf/7cfc9220b401b7a300e409e539c9afd5.jpg
422,5,macOS,108113,https://media.rawg.io/media/games/49c/49c3dfa4ce2f6f140cc4825868e858cb.jpg
422,6,Linux,80458,https://media.rawg.io/media/games/fc1/fc1307a2774506b5bd65d7e8424664a7.jpg
422,7,Nintendo Switch,5784,https://media.rawg.io/media/games/8d6/8d69eb6c32ed6acfd75f82d532144993.jpg
422,16,PlayStation 3,3209,https://media.rawg.io/media/games/8e4/8e4de3f54ac659e08a7ba6a2b731682a.jpg
422,19,PS Vita,1461,https://media.rawg.io/media/games/f99/f9979698c43fd84c3ab69280576dd3af.jpg
422,21,Android,52534,https://media.rawg.io/media/games/095/0953bf01cd4e4dd204aba85489ac9868.jpg
4459,14,Xbox 360,2831,https://media.rawg.io/media/games/d1a/d1a2e99ade53494c6330a0ed945fe823.jpg
4459,4,PC,561279,https://media.rawg.io/media/games/7cf/7cfc9220b401b7a300e409e539c9afd5.jpg
4459,16,PlayStation 3,3209,https://media.rawg.io/media/games/8e4/8e4de3f54ac659e08a7ba6a2b731682a.jpg
4459,1,Xbox One,5744,https://media.rawg.io/media/games/618/618c2031a07bbff6b4f611f10b6bcdbc.jpg
10213,6,Linux,80458,https://media.rawg.io/media/games/fc1/fc1307a2774506b5bd65d7e8424664a7.jpg
10213,5,macOS,108113,https://media.rawg.io/media/games/49c/49c3dfa4ce2f6f140cc4825868e858cb.jpg
10213,4,PC,561279,https://media.rawg.io/media/games/7cf/7cfc9220b401b7a300e409e539c9afd5.jpg
766,3,iOS,77453,https://media.rawg.io/media/games/942/9424d6bb763dc38d9378b488603c87fa.jpg
766,186,Xbox Series S/X,1283,https://media.rawg.io/media/games/b29/b294fdd866dcdb643e7bab370a552855.jpg
766,187,PlayStation 5,1528,https://media.rawg.io/media/games/152/152e788b7504aa2753c86dae912fb34c.jpg
766,18,PlayStation 4,7040,https://media.rawg.io/media/games/4be/4be6a6ad0364751a96229c56bf69be59.jpg
766,1,Xbox One,5744,https://media.rawg.io/media/games/618/618c2031a07bbff6b4f611f10b6bcdbc.jpg
766,7,Nintendo Switch,5784,https://media.rawg.io/media/games/8d6/8d69eb6c32ed6acfd75f82d532144993.jpg
766,4,PC,561279,https://media.rawg.io/media/games/7cf/7cfc9220b401b7a300e409e539c9afd5.jpg
3272,7,Nintendo Switch,5784,https://media.rawg.io/media/games/8d6/8d69eb6c32ed6acfd75f82d532144993.jpg
3272,5,macOS,108113,https://media.rawg.io/media/games/49c/49c3dfa4ce2f6f140cc4825868e858cb.jpg
3272,4,PC,561279,https://media.rawg.io/media/games/7cf/7cfc9220b401b7a300e409e539c9afd5.jpg
3272,6,Linux,80458,https://media.rawg.io/media/games/fc1/fc1307a2774506b5bd65d7e8424664a7.jpg
3272,1,Xbox One,5744,https://media.rawg.io/media/games/618/618c2031a07bbff6b4f611f10b6bcdbc.jpg
3272,18,PlayStation 4,7040,https://media.rawg.io/media/games/4be/4be6a6ad0364751a96229c56bf69be59.jpg
278,4,PC,561279,https://media.rawg.io/media/games/7cf/7cfc9220b401b7a300e409e539c9afd5.jpg
278,18,PlayStation 4,7040,https://media.rawg.io/media/games/4be/4be6a6ad0364751a96229c56bf69be59.jpg
29028,4,PC,561279,https://media.rawg.io/media/games/7cf/7cfc9220b401b7a300e409e539c9afd5.jpg
29028,14,Xbox 360,2831,https://media.rawg.io/media/games/d1a/d1a2e99ade53494c6330a0ed945fe823.jpg
7689,1,Xbox One,5744,https://media.rawg.io/media/games/618/618c2031a07bbff6b4f611f10b6bcdbc.jpg
7689,4,PC,561279,https://media.rawg.io/media/games/7cf/7cfc9220b401b7a300e409e539c9afd5.jpg
7689,5,macOS,108113,https://media.rawg.io/media/games/49c/49c3dfa4ce2f6f140cc4825868e858cb.jpg
7689,18,PlayStation 4,7040,https://media.rawg.io/media/games/4be/4be6a6ad0364751a96229c56bf69be59.jpg
3287,4,PC,561279,https://media.rawg.io/media/games/7cf/7cfc9220b401b7a300e409e539c9afd5.jpg
3287,7,Nintendo Switch,5784,https://media.rawg.io/media/games/8d6/8d69eb6c32ed6acfd75f82d532144993.jpg
3287,1,Xbox One,5744,https://media.rawg.io/media/games/618/618c2031a07bbff6b4f611f10b6bcdbc.jpg
3287,18,PlayStation 4,7040,https://media.rawg.io/media/games/4be/4be6a6ad0364751a96229c56bf69be59.jpg
3192,18,PlayStation 4,7040,https://media.rawg.io/media/games/4be/4be6a6ad0364751a96229c56bf69be59.jpg
3192,4,PC,561279,https://media.rawg.io/media/games/7cf/7cfc9220b401b7a300e409e539c9afd5.jpg
3192,1,Xbox One,5744,https://media.rawg.io/media/games/618/618c2031a07bbff6b4f611f10b6bcdbc.jpg
3192,16,PlayStation 3,3209,https://media.rawg.io/media/games/8e4/8e4de3f54ac659e08a7ba6a2b731682a.jpg
3192,14,Xbox 360,2831,https://media.rawg.io/media/games/d1a/d1a2e99ade53494c6330a0ed945fe823.jpg
416,5,macOS,108113,https://media.rawg.io/media/games/49c/49c3dfa4ce2f6f140cc4825868e858cb.jpg
416,4,PC,561279,https://media.rawg.io/media/games/7cf/7cfc9220b401b7a300e409e539c9afd5.jpg
416,3,iOS,77453,https://media.rawg.io/media/games/942/9424d6bb763dc38d9378b488603c87fa.jpg
416,80,Xbox,881,https://media.rawg.io/media/games/662/6625a20ca1d13699ee7c191b20a02408.jpg
416,21,Android,52534,https://media.rawg.io/media/games/095/0953bf01cd4e4dd204aba85489ac9868.jpg
416,18,PlayStation 4,7040,https://media.rawg.io/media/games/4be/4be6a6ad0364751a96229c56bf69be59.jpg
416,16,PlayStation 3,3209,https://media.rawg.io/media/games/8e4/8e4de3f54ac659e08a7ba6a2b731682a.jpg
416,15,PlayStation 2,3124,https://media.rawg.io/media/games/459/459ac8745027643ed7338516c0025cf7.jpg
416,14,Xbox 360,2831,https://media.rawg.io/media/games/d1a/d1a2e99ade53494c6330a0ed945fe823.jpg
416,1,Xbox One,5744,https://media.rawg.io/media/games/618/618c2031a07bbff6b4f611f10b6bcdbc.jpg
16944,5,macOS,108113,https://media.rawg.io/media/games/49c/49c3dfa4ce2f6f140cc4825868e858cb.jpg
16944,4,PC,561279,https://media.rawg.io/media/games/7cf/7cfc9220b401b7a300e409e539c9afd5.jpg
16944,14,Xbox 360,2831,https://media.rawg.io/media/games/d1a/d1a2e99ade53494c6330a0ed945fe823.jpg
290856,18,PlayStation 4,7040,https://media.rawg.io/media/games/4be/4be6a6ad0364751a96229c56bf69be59.jpg
290856,7,Nintendo Switch,5784,https://media.rawg.io/media/games/8d6/8d69eb6c32ed6acfd75f82d532144993.jpg
290856,5,macOS,108113,https://media.rawg.io/media/games/49c/49c3dfa4ce2f6f140cc4825868e858cb.jpg
290856,4,PC,561279,https://media.rawg.io/media/games/7cf/7cfc9220b401b7a300e409e539c9afd5.jpg
290856,1,Xbox One,5744,https://media.rawg.io/media/games/618/618c2031a07bbff6b4f611f10b6bcdbc.jpg
17822,4,PC,561279,https://media.rawg.io/media/games/7cf/7cfc9220b401b7a300e409e539c9afd5.jpg
17822,5,macOS,108113,https://media.rawg.io/media/games/49c/49c3dfa4ce2f6f140cc4825868e858cb.jpg
9767,18,PlayStation 4,7040,https://media.rawg.io/media/games/4be/4be6a6ad0364751a96229c56bf69be59.jpg
9767,6,Linux,80458,https://media.rawg.io/media/games/fc1/fc1307a2774506b5bd65d7e8424664a7.jpg
9767,5,macOS,108113,https://media.rawg.io/media/games/49c/49c3dfa4ce2f6f140cc4825868e858cb.jpg
9767,4,PC,561279,https://media.rawg.io/media/games/7cf/7cfc9220b401b7a300e409e539c9afd5.jpg
9767,7,Nintendo Switch,5784,https://media.rawg.io/media/games/8d6/8d69eb6c32ed6acfd75f82d532144993.jpg
9767,1,Xbox One,5744,https://media.rawg.io/media/games/618/618c2031a07bbff6b4f611f10b6bcdbc.jpg
11973,6,Linux,80458,https://media.rawg.io/media/games/fc1/fc1307a2774506b5bd65d7e8424664a7.jpg
11973,1,Xbox One,5744,https://media.rawg.io/media/games/618/618c2031a07bbff6b4f611f10b6bcdbc.jpg
11973,14,Xbox 360,2831,https://media.rawg.io/media/games/d1a/d1a2e99ade53494c6330a0ed945fe823.jpg
11973,16,PlayStation 3,3209,https://media.rawg.io/media/games/8e4/8e4de3f54ac659e08a7ba6a2b731682a.jpg
11973,18,PlayStation 4,7040,https://media.rawg.io/media/games/4be/4be6a6ad0364751a96229c56bf69be59.jpg
11973,5,macOS,108113,https://media.rawg.io/media/games/49c/49c3dfa4ce2f6f140cc4825868e858cb.jpg
11973,4,PC,561279,https://media.rawg.io/media/games/7cf/7cfc9220b401b7a300e409e539c9afd5.jpg
23027,21,Android,52534,https://media.rawg.io/media/games/095/0953bf01cd4e4dd204aba85489ac9868.jpg
23027,19,PS Vita,1461,https://media.rawg.io/media/games/f99/f9979698c43fd84c3ab69280576dd3af.jpg
23027,5,macOS,108113,https://media.rawg.io/media/games/49c/49c3dfa4ce2f6f140cc4825868e858cb.jpg
23027,4,PC,561279,https://media.rawg.io/media/games/7cf/7cfc9220b401b7a300e409e539c9afd5.jpg
23027,3,iOS,77453,https://media.rawg.io/media/games/942/9424d6bb763dc38d9378b488603c87fa.jpg
23027,18,PlayStation 4,7040,https://media.rawg.io/media/games/4be/4be6a6ad0364751a96229c56bf69be59.jpg
23027,16,PlayStation 3,3209,https://media.rawg.io/media/games/8e4/8e4de3f54ac659e08a7ba6a2b731682a.jpg
23027,14,Xbox 360,2831,https://media.rawg.io/media/games/d1a/d1a2e99ade53494c6330a0ed945fe823.jpg
23027,7,Nintendo Switch,5784,https://media.rawg.io/media/games/8d6/8d69eb6c32ed6acfd75f82d532144993.jpg
23027,1,Xbox One,5744,https://media.rawg.io/media/games/618/618c2031a07bbff6b4f611f10b6bcdbc.jpg
19103,5,macOS,108113,https://media.rawg.io/media/games/49c/49c3dfa4ce2f6f140cc4825868e858cb.jpg
19103,6,Linux,80458,https://media.rawg.io/media/games/fc1/fc1307a2774506b5bd65d7e8424664a7.jpg
19103,4,PC,561279,https://media.rawg.io/media/games/7cf/7cfc9220b401b7a300e409e539c9afd5.jpg
3498,187,PlayStation 5,1528,https://media.rawg.io/media/games/152/152e788b7504aa2753c86dae912fb34c.jpg
3498,186,Xbox Series S/X,1283,https://media.rawg.io/media/games/b29/b294fdd866dcdb643e7bab370a552855.jpg
3498,16,PlayStation 3,3209,https://media.rawg.io/media/games/8e4/8e4de3f54ac659e08a7ba6a2b731682a.jpg
3498,4,PC,561279,https://media.rawg.io/media/games/7cf/7cfc9220b401b7a300e409e539c9afd5.jpg
3498,18,PlayStation 4,7040,https://media.rawg.io/media/games/4be/4be6a6ad0364751a96229c56bf69be59.jpg
3498,14,Xbox 360,2831,https://media.rawg.io/media/games/d1a/d1a2e99ade53494c6330a0ed945fe823.jpg
3498,1,Xbox One,5744,https://media.rawg.io/media/games/618/618c2031a07bbff6b4f611f10b6bcdbc.jpg
3328,187,PlayStation 5,1528,https://media.rawg.io/media/games/152/152e788b7504aa2753c86dae912fb34c.jpg
3328,186,Xbox Series S/X,1283,https://media.rawg.io/media/games/b29/b294fdd866dcdb643e7bab370a552855.jpg
3328,5,macOS,108113,https://media.rawg.io/media/games/49c/49c3dfa4ce2f6f140cc4825868e858cb.jpg
3328,18,PlayStation 4,7040,https://media.rawg.io/media/games/4be/4be6a6ad0364751a96229c56bf69be59.jpg
3328,7,Nintendo Switch,5784,https://media.rawg.io/media/games/8d6/8d69eb6c32ed6acfd75f82d532144993.jpg
3328,4,PC,561279,https://media.rawg.io/media/games/7cf/7cfc9220b401b7a300e409e539c9afd5.jpg
3328,1,Xbox One,5744,https://media.rawg.io/media/games/618/618c2031a07bbff6b4f611f10b6bcdbc.jpg
4200,16,PlayStation 3,3209,https://media.rawg.io/media/games/8e4/8e4de3f54ac659e08a7ba6a2b731682a.jpg
4200,4,PC,561279,https://media.rawg.io/media/games/7cf/7cfc9220b401b7a300e409e539c9afd5.jpg
4200,14,Xbox 360,2831,https://media.rawg.io/media/games/d1a/d1a2e99ade53494c6330a0ed945fe823.jpg
4200,6,Linux,80458,https://media.rawg.io/media/games/fc1/fc1307a2774506b5bd65d7e8424664a7.jpg
4200,5,macOS,108113,https://media.rawg.io/media/games/49c/49c3dfa4ce2f6f140cc4825868e858cb.jpg
4200,1,Xbox One,5744,https://media.rawg.io/media/games/618/618c2031a07bbff6b4f611f10b6bcdbc.jpg
4291,4,PC,561279,https://media.rawg.io/media/games/7cf/7cfc9220b401b7a300e409e539c9afd5.jpg
4291,6,Linux,80458,https://media.rawg.io/media/games/fc1/fc1307a2774506b5bd65d7e8424664a7.jpg
4291,14,Xbox 360,2831,https://media.rawg.io/media/games/d1a/d1a2e99ade53494c6330a0ed945fe823.jpg
4291,16,PlayStation 3,3209,https://media.rawg.io/media/games/8e4/8e4de3f54ac659e08a7ba6a2b731682a.jpg
5286,16,PlayStation 3,3209,https://media.rawg.io/media/games/8e4/8e4de3f54ac659e08a7ba6a2b731682a.jpg
5286,14,Xbox 360,2831,https://media.rawg.io/media/games/d1a/d1a2e99ade53494c6330a0ed945fe823.jpg
5286,5,macOS,108113,https://media.rawg.io/media/games/49c/49c3dfa4ce2f6f140cc4825868e858cb.jpg
5286,4,PC,561279,https://media.rawg.io/media/games/7cf/7cfc9220b401b7a300e409e539c9afd5.jpg
13536,5,macOS,108113,https://media.rawg.io/media/games/49c/49c3dfa4ce2f6f140cc4825868e858cb.jpg
13536,4,PC,561279,https://media.rawg.io/media/games/7cf/7cfc9220b401b7a300e409e539c9afd5.jpg
13536,21,Android,52534,https://media.rawg.io/media/games/095/0953bf01cd4e4dd204aba85489ac9868.jpg
13536,16,PlayStation 3,3209,https://media.rawg.io/media/games/8e4/8e4de3f54ac659e08a7ba6a2b731682a.jpg
13536,14,Xbox 360,2831,https://media.rawg.io/media/games/d1a/d1a2e99ade53494c6330a0ed945fe823.jpg
13536,6,Linux,80458,https://media.rawg.io/media/games/fc1/fc1307a2774506b5bd65d7e8424664a7.jpg
13536,7,Nintendo Switch,5784,https://media.rawg.io/media/games/8d6/8d69eb6c32ed6acfd75f82d532144993.jpg
12020,14,Xbox 360,2831,https://media.rawg.io/media/games/d1a/d1a2e99ade53494c6330a0ed945fe823.jpg
12020,6,Linux,80458,https://media.rawg.io/media/games/fc1/fc1307a2774506b5bd65d7e8424664a7.jpg
12020,4,PC,561279,https://media.rawg.io/media/games/7cf/7cfc9220b401b7a300e409e539c9afd5.jpg
12020,5,macOS,108113,https://media.rawg.io/media/games/49c/49c3dfa4ce2f6f140cc4825868e858cb.jpg
28,4,PC,561279,https://media.rawg.io/media/games/7cf/7cfc9220b401b7a300e409e539c9afd5.jpg
28,18,PlayStation 4,7040,https://media.rawg.io/media/games/4be/4be6a6ad0364751a96229c56bf69be59.jpg
28,1,Xbox One,5744,https://media.rawg.io/media/games/618/618c2031a07bbff6b4f611f10b6bcdbc.jpg
5679,187,PlayStation 5,1528,https://media.rawg.io/media/games/152/152e788b7504aa2753c86dae912fb34c.jpg
5679,18,PlayStation 4,7040,https://media.rawg.io/media/games/4be/4be6a6ad0364751a96229c56bf69be59.jpg
5679,4,PC,561279,https://media.rawg.io/media/games/7cf/7cfc9220b401b7a300e409e539c9afd5.jpg
5679,1,Xbox One,5744,https://media.rawg.io/media/games/618/618c2031a07bbff6b4f611f10b6bcdbc.jpg
5679,186,Xbox Series S/X,1283,https://media.rawg.io/media/games/b29/b294fdd866dcdb643e7bab370a552855.jpg
5679,7,Nintendo Switch,5784,https://media.rawg.io/media/games/8d6/8d69eb6c32ed6acfd75f82d532144993.jpg
5679,14,Xbox 360,2831,https://media.rawg.io/media/games/d1a/d1a2e99ade53494c6330a0ed945fe823.jpg
5679,16,PlayStation 3,3209,https://media.rawg.io/media/games/8e4/8e4de3f54ac659e08a7ba6a2b731682a.jpg
13537,4,PC,561279,https://media.rawg.io/media/games/7cf/7cfc9220b401b7a300e409e539c9afd5.jpg
13537,5,macOS,108113,https://media.rawg.io/media/games/49c/49c3dfa4ce2f6f140cc4825868e858cb.jpg
13537,14,Xbox 360,2831,https://media.rawg.io/media/games/d1a/d1a2e99ade53494c6330a0ed945fe823.jpg
13537,6,Linux,80458,https://media.rawg.io/media/games/fc1/fc1307a2774506b5bd65d7e8424664a7.jpg
13537,80,Xbox,881,https://media.rawg.io/media/games/662/6625a20ca1d13699ee7c191b20a02408.jpg
13537,21,Android,52534,https://media.rawg.io/media/games/095/0953bf01cd4e4dd204aba85489ac9868.jpg
4062,18,PlayStation 4,7040,https://media.rawg.io/media/games/4be/4be6a6ad0364751a96229c56bf69be59.jpg
4062,14,Xbox 360,2831,https://media.rawg.io/media/games/d1a/d1a2e99ade53494c6330a0ed945fe823.jpg
4062,7,Nintendo Switch,5784,https://media.rawg.io/media/games/8d6/8d69eb6c32ed6acfd75f82d532144993.jpg
4062,6,Linux,80458,https://media.rawg.io/media/games/fc1/fc1307a2774506b5bd65d7e8424664a7.jpg
4062,4,PC,561279,https://media.rawg.io/media/games/7cf/7cfc9220b401b7a300e409e539c9afd5.jpg
4062,16,PlayStation 3,3209,https://media.rawg.io/media/games/8e4/8e4de3f54ac659e08a7ba6a2b731682a.jpg
4062,1,Xbox One,5744,https://media.rawg.io/media/games/618/618c2031a07bbff6b4f611f10b6bcdbc.jpg
802,16,PlayStation 3,3209,https://media.rawg.io/media/games/8e4/8e4de3f54ac659e08a7ba6a2b731682a.jpg
802,5,macOS,108113,https://media.rawg.io/media/games/49c/49c3dfa4ce2f6f140cc4825868e858cb.jpg
802,4,PC,561279,https://media.rawg.io/media/games/7cf/7cfc9220b401b7a300e409e539c9afd5.jpg
802,21,Android,52534,https://media.rawg.io/media/games/095/0953bf01cd4e4dd204aba85489ac9868.jpg
802,6,Linux,80458,https://media.rawg.io/media/games/fc1/fc1307a2774506b5bd65d7e8424664a7.jpg
802,19,PS Vita,1461,https://media.rawg.io/media/games/f99/f9979698c43fd84c3ab69280576dd3af.jpg
802,14,Xbox 360,2831,https://media.rawg.io/media/games/d1a/d1a2e99ade53494c6330a0ed945fe823.jpg
3439,3,iOS,77453,https://media.rawg.io/media/games/942/9424d6bb763dc38d9378b488603c87fa.jpg
3439,4,PC,561279,https://media.rawg.io/media/games/7cf/7cfc9220b401b7a300e409e539c9afd5.jpg
3439,6,Linux,80458,https://media.rawg.io/media/games/fc1/fc1307a2774506b5bd65d7e8424664a7.jpg
3439,16,PlayStation 3,3209,https://media.rawg.io/media/games/8e4/8e4de3f54ac659e08a7ba6a2b731682a.jpg
3439,5,macOS,108113,https://media.rawg.io/media/games/49c/49c3dfa4ce2f6f140cc4825868e858cb.jpg
3439,14,Xbox 360,2831,https://media.rawg.io/media/games/d1a/d1a2e99ade53494c6330a0ed945fe823.jpg
3439,21,Android,52534,https://media.rawg.io/media/games/095/0953bf01cd4e4dd204aba85489ac9868.jpg
3439,18,PlayStation 4,7040,https://media.rawg.io/media/games/4be/4be6a6ad0364751a96229c56bf69be59.jpg
3439,1,Xbox One,5744,https://media.rawg.io/media/games/618/618c2031a07bbff6b4f611f10b6bcdbc.jpg
4286,16,PlayStation 3,3209,https://media.rawg.io/media/games/8e4/8e4de3f54ac659e08a7ba6a2b731682a.jpg
4286,5,macOS,108113,https://media.rawg.io/media/games/49c/49c3dfa4ce2f6f140cc4825868e858cb.jpg
4286,4,PC,561279,https://media.rawg.io/media/games/7cf/7cfc9220b401b7a300e409e539c9afd5.jpg
4286,14,Xbox 360,2831,https://media.rawg.io/media/games/d1a/d1a2e99ade53494c6330a0ed945fe823.jpg
58175,4,PC,561279,https://media.rawg.io/media/games/7cf/7cfc9220b401b7a300e409e539c9afd5.jpg
58175,18,PlayStation 4,7040,https://media.rawg.io/media/games/4be/4be6a6ad0364751a96229c56bf69be59.jpg
32,18,PlayStation 4,7040,https://media.rawg.io/media/games/4be/4be6a6ad0364751a96229c56bf69be59.jpg
32,1,Xbox One,5744,https://media.rawg.io/media/games/618/618c2031a07bbff6b4f611f10b6bcdbc.jpg
32,4,PC,561279,https://media.rawg.io/media/games/7cf/7cfc9220b401b7a300e409e539c9afd5.jpg
32,171,Web,260067,https://media.rawg.io/media/games/8ba/8ba1178d043aa752838d68b14fffb922.jpg
32,186,Xbox Series S/X,1283,https://media.rawg.io/media/games/b29/b294fdd866dcdb643e7bab370a552855.jpg
32,187,PlayStation 5,1528,https://media.rawg.io/media/games/152/152e788b7504aa2753c86dae912fb34c.jpg
3070,18,PlayStation 4,7040,https://media.rawg.io/media/games/4be/4be6a6ad0364751a96229c56bf69be59.jpg
3070,4,PC,561279,https://media.rawg.io/media/games/7cf/7cfc9220b401b7a300e409e539c9afd5.jpg
3070,187,PlayStation 5,1528,https://media.rawg.io/media/games/152/152e788b7504aa2753c86dae912fb34c.jpg
3070,1,Xbox One,5744,https://media.rawg.io/media/games/618/618c2031a07bbff6b4f611f10b6bcdbc.jpg
1030,4,PC,561279,https://media.rawg.io/media/games/7cf/7cfc9220b401b7a300e409e539c9afd5.jpg
1030,21,Android,52534,https://media.rawg.io/media/games/095/0953bf01cd4e4dd204aba85489ac9868.jpg
1030,19,PS Vita,1461,https://media.rawg.io/media/games/f99/f9979698c43fd84c3ab69280576dd3af.jpg
1030,18,PlayStation 4,7040,https://media.rawg.io/media/games/4be/4be6a6ad0364751a96229c56bf69be59.jpg
1030,16,PlayStation 3,3209,https://media.rawg.io/media/games/8e4/8e4de3f54ac659e08a7ba6a2b731682a.jpg
1030,14,Xbox 360,2831,https://media.rawg.io/media/games/d1a/d1a2e99ade53494c6330a0ed945fe823.jpg
1030,6,Linux,80458,https://media.rawg.io/media/games/fc1/fc1307a2774506b5bd65d7e8424664a7.jpg
1030,5,macOS,108113,https://media.rawg.io/media/games/49c/49c3dfa4ce2f6f140cc4825868e858cb.jpg
1030,3,iOS,77453,https://media.rawg.io/media/games/942/9424d6bb763dc38d9378b488603c87fa.jpg
1030,1,Xbox One,5744,https://media.rawg.io/media/games/618/618c2031a07bbff6b4f611f10b6bcdbc.jpg
1030,7,Nintendo Switch,5784,https://media.rawg.io/media/games/8d6/8d69eb6c32ed6acfd75f82d532144993.jpg
3939,6,Linux,80458,https://media.rawg.io/media/games/fc1/fc1307a2774506b5bd65d7e8424664a7.jpg
3939,4,PC,561279,https://media.rawg.io/media/games/7cf/7cfc9220b401b7a300e409e539c9afd5.jpg
3939,1,Xbox One,5744,https://media.rawg.io/media/games/618/618c2031a07bbff6b4f611f10b6bcdbc.jpg
11859,6,Linux,80458,https://media.rawg.io/media/games/fc1/fc1307a2774506b5bd65d7e8424664a7.jpg
11859,5,macOS,108113,https://media.rawg.io/media/games/49c/49c3dfa4ce2f6f140cc4825868e858cb.jpg
11859,4,PC,561279,https://media.rawg.io/media/games/7cf/7cfc9220b401b7a300e409e539c9afd5.jpg
2454,4,PC,561279,https://media.rawg.io/media/games/7cf/7cfc9220b401b7a300e409e539c9afd5.jpg
2454,18,PlayStation 4,7040,https://media.rawg.io/media/games/4be/4be6a6ad0364751a96229c56bf69be59.jpg
2454,7,Nintendo Switch,5784,https://media.rawg.io/media/games/8d6/8d69eb6c32ed6acfd75f82d532144993.jpg
2454,1,Xbox One,5744,https://media.rawg.io/media/games/618/618c2031a07bbff6b4f611f10b6bcdbc.jpg
41494,7,Nintendo Switch,5784,https://media.rawg.io/media/games/8d6/8d69eb6c32ed6acfd75f82d532144993.jpg
41494,18,PlayStation 4,7040,https://media.rawg.io/media/games/4be/4be6a6ad0364751a96229c56bf69be59.jpg
41494,4,PC,561279,https://media.rawg.io/media/games/7cf/7cfc9220b401b7a300e409e539c9afd5.jpg
41494,186,Xbox Series S/X,1283,https://media.rawg.io/media/games/b29/b294fdd866dcdb643e7bab370a552855.jpg
41494,187,PlayStation 5,1528,https://media.rawg.io/media/games/152/152e788b7504aa2753c86dae912fb34c.jpg
41494,1,Xbox One,5744,https://media.rawg.io/media/games/618/618c2031a07bbff6b4f611f10b6bcdbc.jpg
422,14,Xbox 360,2831,https://media.rawg.io/media/games/d1a/d1a2e99ade53494c6330a0ed945fe823.jpg
422,10,Wii U,1114,https://media.rawg.io/media/games/f46/f466571d536f2e3ea9e815ad17177501.jpg
422,8,Nintendo 3DS,1682,https://media.rawg.io/media/games/041/041026016869e440fb1fb2b6be5222c4.jpg
422,1,Xbox One,5744,https://media.rawg.io/media/games/618/618c2031a07bbff6b4f611f10b6bcdbc.jpg
422,18,PlayStation 4,7040,https://media.rawg.io/media/games/4be/4be6a6ad0364751a96229c56bf69be59.jpg
422,3,iOS,77453,https://media.rawg.io/media/games/942/9424d6bb763dc38d9378b488603c87fa.jpg
422,4,PC,561279,https://media.rawg.io/media/games/7cf/7cfc9220b401b7a300e409e539c9afd5.jpg
422,5,macOS,108113,https://media.rawg.io/media/games/49c/49c3dfa4ce2f6f140cc4825868e858cb.jpg
422,6,Linux,80458,https://media.rawg.io/media/games/fc1/fc1307a2774506b5bd65d7e8424664a7.jpg
422,7,Nintendo Switch,5784,https://media.rawg.io/media/games/8d6/8d69eb6c32ed6acfd75f82d532144993.jpg
422,16,PlayStation 3,3209,https://media.rawg.io/media/games/8e4/8e4de3f54ac659e08a7ba6a2b731682a.jpg
422,19,PS Vita,1461,https://media.rawg.io/media/games/f99/f9979698c43fd84c3ab69280576dd3af.jpg
422,21,Android,52534,https://media.rawg.io/media/games/095/0953bf01cd4e4dd204aba85489ac9868.jpg
4459,14,Xbox 360,2831,https://media.rawg.io/media/games/d1a/d1a2e99ade53494c6330a0ed945fe823.jpg
4459,4,PC,561279,https://media.rawg.io/media/games/7cf/7cfc9220b401b7a300e409e539c9afd5.jpg
4459,16,PlayStation 3,3209,https://media.rawg.io/media/games/8e4/8e4de3f54ac659e08a7ba6a2b731682a.jpg
4459,1,Xbox One,5744,https://media.rawg.io/media/games/618/618c2031a07bbff6b4f611f10b6bcdbc.jpg
10213,6,Linux,80458,https://media.rawg.io/media/games/fc1/fc1307a2774506b5bd65d7e8424664a7.jpg
10213,5,macOS,108113,https://media.rawg.io/media/games/49c/49c3dfa4ce2f6f140cc4825868e858cb.jpg
10213,4,PC,561279,https://media.rawg.io/media/games/7cf/7cfc9220b401b7a300e409e539c9afd5.jpg
766,3,iOS,77453,https://media.rawg.io/media/games/942/9424d6bb763dc38d9378b488603c87fa.jpg
766,186,Xbox Series S/X,1283,https://media.rawg.io/media/games/b29/b294fdd866dcdb643e7bab370a552855.jpg
766,187,PlayStation 5,1528,https://media.rawg.io/media/games/152/152e788b7504aa2753c86dae912fb34c.jpg
766,18,PlayStation 4,7040,https://media.rawg.io/media/games/4be/4be6a6ad0364751a96229c56bf69be59.jpg
766,1,Xbox One,5744,https://media.rawg.io/media/games/618/618c2031a07bbff6b4f611f10b6bcdbc.jpg
766,7,Nintendo Switch,5784,https://media.rawg.io/media/games/8d6/8d69eb6c32ed6acfd75f82d532144993.jpg
766,4,PC,561279,https://media.rawg.io/media/games/7cf/7cfc9220b401b7a300e409e539c9afd5.jpg
3272,7,Nintendo Switch,5784,https://media.rawg.io/media/games/8d6/8d69eb6c32ed6acfd75f82d532144993.jpg
3272,5,macOS,108113,https://media.rawg.io/media/games/49c/49c3dfa4ce2f6f140cc4825868e858cb.jpg
3272,4,PC,561279,https://media.rawg.io/media/games/7cf/7cfc9220b401b7a300e409e539c9afd5.jpg
3272,6,Linux,80458,https://media.rawg.io/media/games/fc1/fc1307a2774506b5bd65d7e8424664a7.jpg
3272,1,Xbox One,5744,https://media.rawg.io/media/games/618/618c2031a07bbff6b4f611f10b6bcdbc.jpg
3272,18,PlayStation 4,7040,https://media.rawg.io/media/games/4be/4be6a6ad0364751a96229c56bf69be59.jpg
278,4,PC,561279,https://media.rawg.io/media/games/7cf/7cfc9220b401b7a300e409e539c9afd5.jpg
278,18,PlayStation 4,7040,https://media.rawg.io/media/games/4be/4be6a6ad0364751a96229c56bf69be59.jpg
29028,4,PC,561279,https://media.rawg.io/media/games/7cf/7cfc9220b401b7a300e409e539c9afd5.jpg
29028,14,Xbox 360,2831,https://media.rawg.io/media/games/d1a/d1a2e99ade53494c6330a0ed945fe823.jpg
7689,1,Xbox One,5744,https://media.rawg.io/media/games/618/618c2031a07bbff6b4f611f10b6bcdbc.jpg
7689,4,PC,561279,https://media.rawg.io/media/games/7cf/7cfc9220b401b7a300e409e539c9afd5.jpg
7689,5,macOS,108113,https://media.rawg.io/media/games/49c/49c3dfa4ce2f6f140cc4825868e858cb.jpg
7689,18,PlayStation 4,7040,https://media.rawg.io/media/games/4be/4be6a6ad0364751a96229c56bf69be59.jpg
3287,4,PC,561279,https://media.rawg.io/media/games/7cf/7cfc9220b401b7a300e409e539c9afd5.jpg
3287,7,Nintendo Switch,5784,https://media.rawg.io/media/games/8d6/8d69eb6c32ed6acfd75f82d532144993.jpg
3287,1,Xbox One,5744,https://media.rawg.io/media/games/618/618c2031a07bbff6b4f611f10b6bcdbc.jpg
3287,18,PlayStation 4,7040,https://media.rawg.io/media/games/4be/4be6a6ad0364751a96229c56bf69be59.jpg
3192,18,PlayStation 4,7040,https://media.rawg.io/media/games/4be/4be6a6ad0364751a96229c56bf69be59.jpg
3192,4,PC,561279,https://media.rawg.io/media/games/7cf/7cfc9220b401b7a300e409e539c9afd5.jpg
3192,1,Xbox One,5744,https://media.rawg.io/media/games/618/618c2031a07bbff6b4f611f10b6bcdbc.jpg
3192,16,PlayStation 3,3209,https://media.rawg.io/media/games/8e4/8e4de3f54ac659e08a7ba6a2b731682a.jpg
3192,14,Xbox 360,2831,https://media.rawg.io/media/games/d1a/d1a2e99ade53494c6330a0ed945fe823.jpg
416,5,macOS,108113,https://media.rawg.io/media/games/49c/49c3dfa4ce2f6f140cc4825868e858cb.jpg
416,4,PC,561279,https://media.rawg.io/media/games/7cf/7cfc9220b401b7a300e409e539c9afd5.jpg
416,3,iOS,77453,https://media.rawg.io/media/games/942/9424d6bb763dc38d9378b488603c87fa.jpg
416,80,Xbox,881,https://media.rawg.io/media/games/662/6625a20ca1d13699ee7c191b20a02408.jpg
416,21,Android,52534,https://media.rawg.io/media/games/095/0953bf01cd4e4dd204aba85489ac9868.jpg
416,18,PlayStation 4,7040,https://media.rawg.io/media/games/4be/4be6a6ad0364751a96229c56bf69be59.jpg
416,16,PlayStation 3,3209,https://media.rawg.io/media/games/8e4/8e4de3f54ac659e08a7ba6a2b731682a.jpg
416,15,PlayStation 2,3124,https://media.rawg.io/media/games/459/459ac8745027643ed7338516c0025cf7.jpg
416,14,Xbox 360,2831,https://media.rawg.io/media/games/d1a/d1a2e99ade53494c6330a0ed945fe823.jpg
416,1,Xbox One,5744,https://media.rawg.io/media/games/618/618c2031a07bbff6b4f611f10b6bcdbc.jpg
16944,5,macOS,108113,https://media.rawg.io/media/games/49c/49c3dfa4ce2f6f140cc4825868e858cb.jpg
16944,4,PC,561279,https://media.rawg.io/media/games/7cf/7cfc9220b401b7a300e409e539c9afd5.jpg
16944,14,Xbox 360,2831,https://media.rawg.io/media/games/d1a/d1a2e99ade53494c6330a0ed945fe823.jpg
290856,18,PlayStation 4,7040,https://media.rawg.io/media/games/4be/4be6a6ad0364751a96229c56bf69be59.jpg
290856,7,Nintendo Switch,5784,https://media.rawg.io/media/games/8d6/8d69eb6c32ed6acfd75f82d532144993.jpg
290856,5,macOS,108113,https://media.rawg.io/media/games/49c/49c3dfa4ce2f6f140cc4825868e858cb.jpg
290856,4,PC,561279,https://media.rawg.io/media/games/7cf/7cfc9220b401b7a300e409e539c9afd5.jpg
290856,1,Xbox One,5744,https://media.rawg.io/media/games/618/618c2031a07bbff6b4f611f10b6bcdbc.jpg
17822,4,PC,561279,https://media.rawg.io/media/games/7cf/7cfc9220b401b7a300e409e539c9afd5.jpg
17822,5,macOS,108113,https://media.rawg.io/media/games/49c/49c3dfa4ce2f6f140cc4825868e858cb.jpg
9767,18,PlayStation 4,7040,https://media.rawg.io/media/games/4be/4be6a6ad0364751a96229c56bf69be59.jpg
9767,6,Linux,80458,https://media.rawg.io/media/games/fc1/fc1307a2774506b5bd65d7e8424664a7.jpg
9767,5,macOS,108113,https://media.rawg.io/media/games/49c/49c3dfa4ce2f6f140cc4825868e858cb.jpg
9767,4,PC,561279,https://media.rawg.io/media/games/7cf/7cfc9220b401b7a300e409e539c9afd5.jpg
9767,7,Nintendo Switch,5784,https://media.rawg.io/media/games/8d6/8d69eb6c32ed6acfd75f82d532144993.jpg
9767,1,Xbox One,5744,https://media.rawg.io/media/games/618/618c2031a07bbff6b4f611f10b6bcdbc.jpg
11973,6,Linux,80458,https://media.rawg.io/media/games/fc1/fc1307a2774506b5bd65d7e8424664a7.jpg
11973,1,Xbox One,5744,https://media.rawg.io/media/games/618/618c2031a07bbff6b4f611f10b6bcdbc.jpg
11973,14,Xbox 360,2831,https://media.rawg.io/media/games/d1a/d1a2e99ade53494c6330a0ed945fe823.jpg
11973,16,PlayStation 3,3209,https://media.rawg.io/media/games/8e4/8e4de3f54ac659e08a7ba6a2b731682a.jpg
11973,18,PlayStation 4,7040,https://media.rawg.io/media/games/4be/4be6a6ad0364751a96229c56bf69be59.jpg
11973,5,macOS,108113,https://media.rawg.io/media/games/49c/49c3dfa4ce2f6f140cc4825868e858cb.jpg
11973,4,PC,561279,https://media.rawg.io/media/games/7cf/7cfc9220b401b7a300e409e539c9afd5.jpg
23027,21,Android,52534,https://media.rawg.io/media/games/095/0953bf01cd4e4dd204aba85489ac9868.jpg
23027,19,PS Vita,1461,https://media.rawg.io/media/games/f99/f9979698c43fd84c3ab69280576dd3af.jpg
23027,5,macOS,108113,https://media.rawg.io/media/games/49c/49c3dfa4ce2f6f140cc4825868e858cb.jpg
23027,4,PC,561279,https://media.rawg.io/media/games/7cf/7cfc9220b401b7a300e409e539c9afd5.jpg
23027,3,iOS,77453,https://media.rawg.io/media/games/942/9424d6bb763dc38d9378b488603c87fa.jpg
23027,18,PlayStation 4,7040,https://media.rawg.io/media/games/4be/4be6a6ad0364751a96229c56bf69be59.jpg
23027,16,PlayStation 3,3209,https://media.rawg.io/media/games/8e4/8e4de3f54ac659e08a7ba6a2b731682a.jpg
23027,14,Xbox 360,2831,https://media.rawg.io/media/games/d1a/d1a2e99ade53494c6330a0ed945fe823.jpg
23027,7,Nintendo Switch,5784,https://media.rawg.io/media/games/8d6/8d69eb6c32ed6acfd75f82d532144993.jpg
23027,1,Xbox One,5744,https://media.rawg.io/media/games/618/618c2031a07bbff6b4f611f10b6bcdbc.jpg
19103,5,macOS,108113,https://media.rawg.io/media/games/49c/49c3dfa4ce2f6f140cc4825868e858cb.jpg
19103,6,Linux,80458,https://media.rawg.io/media/games/fc1/fc1307a2774506b5bd65d7e8424664a7.jpg
19103,4,PC,561279,https://media.rawg.io/media/games/7cf/7cfc9220b401b7a300e409e539c9afd5.jpg
3498,187,PlayStation 5,1528,https://media.rawg.io/media/games/152/152e788b7504aa2753c86dae912fb34c.jpg
3498,186,Xbox Series S/X,1283,https://media.rawg.io/media/games/b29/b294fdd866dcdb643e7bab370a552855.jpg
3498,16,PlayStation 3,3209,https://media.rawg.io/media/games/8e4/8e4de3f54ac659e08a7ba6a2b731682a.jpg
3498,4,PC,561279,https://media.rawg.io/media/games/7cf/7cfc9220b401b7a300e409e539c9afd5.jpg
3498,18,PlayStation 4,7040,https://media.rawg.io/media/games/4be/4be6a6ad0364751a96229c56bf69be59.jpg
3498,14,Xbox 360,2831,https://media.rawg.io/media/games/d1a/d1a2e99ade53494c6330a0ed945fe823.jpg
3498,1,Xbox One,5744,https://media.rawg.io/media/games/618/618c2031a07bbff6b4f611f10b6bcdbc.jpg
3328,187,PlayStation 5,1528,https://media.rawg.io/media/games/152/152e788b7504aa2753c86dae912fb34c.jpg
3328,186,Xbox Series S/X,1283,https://media.rawg.io/media/games/b29/b294fdd866dcdb643e7bab370a552855.jpg
3328,5,macOS,108113,https://media.rawg.io/media/games/49c/49c3dfa4ce2f6f140cc4825868e858cb.jpg
3328,18,PlayStation 4,7040,https://media.rawg.io/media/games/4be/4be6a6ad0364751a96229c56bf69be59.jpg
3328,7,Nintendo Switch,5784,https://media.rawg.io/media/games/8d6/8d69eb6c32ed6acfd75f82d532144993.jpg
3328,4,PC,561279,https://media.rawg.io/media/games/7cf/7cfc9220b401b7a300e409e539c9afd5.jpg
3328,1,Xbox One,5744,https://media.rawg.io/media/games/618/618c2031a07bbff6b4f611f10b6bcdbc.jpg
4200,16,PlayStation 3,3209,https://media.rawg.io/media/games/8e4/8e4de3f54ac659e08a7ba6a2b731682a.jpg
4200,4,PC,561279,https://media.rawg.io/media/games/7cf/7cfc9220b401b7a300e409e539c9afd5.jpg
4200,14,Xbox 360,2831,https://media.rawg.io/media/games/d1a/d1a2e99ade53494c6330a0ed945fe823.jpg
4200,6,Linux,80458,https://media.rawg.io/media/games/fc1/fc1307a2774506b5bd65d7e8424664a7.jpg
4200,5,macOS,108113,https://media.rawg.io/media/games/49c/49c3dfa4ce2f6f140cc4825868e858cb.jpg
4200,1,Xbox One,5744,https://media.rawg.io/media/games/618/618c2031a07bbff6b4f611f10b6bcdbc.jpg
4291,4,PC,561279,https://media.rawg.io/media/games/7cf/7cfc9220b401b7a300e409e539c9afd5.jpg
4291,6,Linux,80458,https://media.rawg.io/media/games/fc1/fc1307a2774506b5bd65d7e8424664a7.jpg
4291,14,Xbox 360,2831,https://media.rawg.io/media/games/d1a/d1a2e99ade53494c6330a0ed945fe823.jpg
4291,16,PlayStation 3,3209,https://media.rawg.io/media/games/8e4/8e4de3f54ac659e08a7ba6a2b731682a.jpg
5286,16,PlayStation 3,3209,https://media.rawg.io/media/games/8e4/8e4de3f54ac659e08a7ba6a2b731682a.jpg
5286,14,Xbox 360,2831,https://media.rawg.io/media/games/d1a/d1a2e99ade53494c6330a0ed945fe823.jpg
5286,5,macOS,108113,https://media.rawg.io/media/games/49c/49c3dfa4ce2f6f140cc4825868e858cb.jpg
5286,4,PC,561279,https://media.rawg.io/media/games/7cf/7cfc9220b401b7a300e409e539c9afd5.jpg
13536,5,macOS,108113,https://media.rawg.io/media/games/49c/49c3dfa4ce2f6f140cc4825868e858cb.jpg
13536,4,PC,561279,https://media.rawg.io/media/games/7cf/7cfc9220b401b7a300e409e539c9afd5.jpg
13536,21,Android,52534,https://media.rawg.io/media/games/095/0953bf01cd4e4dd204aba85489ac9868.jpg
13536,16,PlayStation 3,3209,https://media.rawg.io/media/games/8e4/8e4de3f54ac659e08a7ba6a2b731682a.jpg
13536,14,Xbox 360,2831,https://media.rawg.io/media/games/d1a/d1a2e99ade53494c6330a0ed945fe823.jpg
13536,6,Linux,80458,https://media.rawg.io/media/games/fc1/fc1307a2774506b5bd65d7e8424664a7.jpg
13536,7,Nintendo Switch,5784,https://media.rawg.io/media/games/8d6/8d69eb6c32ed6acfd75f82d532144993.jpg
12020,14,Xbox 360,2831,https://media.rawg.io/media/games/d1a/d1a2e99ade53494c6330a0ed945fe823.jpg
12020,6,Linux,80458,https://media.rawg.io/media/games/fc1/fc1307a2774506b5bd65d7e8424664a7.jpg
12020,4,PC,561279,https://media.rawg.io/media/games/7cf/7cfc9220b401b7a300e409e539c9afd5.jpg
12020,5,macOS,108113,https://media.rawg.io/media/games/49c/49c3dfa4ce2f6f140cc4825868e858cb.jpg
28,4,PC,561279,https://media.rawg.io/media/games/7cf/7cfc9220b401b7a300e409e539c9afd5.jpg
28,18,PlayStation 4,7040,https://media.rawg.io/media/games/4be/4be6a6ad0364751a96229c56bf69be59.jpg
28,1,Xbox One,5744,https://media.rawg.io/media/games/618/618c2031a07bbff6b4f611f10b6bcdbc.jpg
5679,187,PlayStation 5,1528,https://media.rawg.io/media/games/152/152e788b7504aa2753c86dae912fb34c.jpg
5679,18,PlayStation 4,7040,https://media.rawg.io/media/games/4be/4be6a6ad0364751a96229c56bf69be59.jpg
5679,4,PC,561279,https://media.rawg.io/media/games/7cf/7cfc9220b401b7a300e409e539c9afd5.jpg
5679,1,Xbox One,5744,https://media.rawg.io/media/games/618/618c2031a07bbff6b4f611f10b6bcdbc.jpg
5679,186,Xbox Series S/X,1283,https://media.rawg.io/media/games/b29/b294fdd866dcdb643e7bab370a552855.jpg
5679,7,Nintendo Switch,5784,https://media.rawg.io/media/games/8d6/8d69eb6c32ed6acfd75f82d532144993.jpg
5679,14,Xbox 360,2831,https://media.rawg.io/media/games/d1a/d1a2e99ade53494c6330a0ed945fe823.jpg
5679,16,PlayStation 3,3209,https://media.rawg.io/media/games/8e4/8e4de3f54ac659e08a7ba6a2b731682a.jpg
13537,4,PC,561279,https://media.rawg.io/media/games/7cf/7cfc9220b401b7a300e409e539c9afd5.jpg
13537,5,macOS,108113,https://media.rawg.io/media/games/49c/49c3dfa4ce2f6f140cc4825868e858cb.jpg
13537,14,Xbox 360,2831,https://media.rawg.io/media/games/d1a/d1a2e99ade53494c6330a0ed945fe823.jpg
13537,6,Linux,80458,https://media.rawg.io/media/games/fc1/fc1307a2774506b5bd65d7e8424664a7.jpg
13537,80,Xbox,881,https://media.rawg.io/media/games/662/6625a20ca1d13699ee7c191b20a02408.jpg
13537,21,Android,52534,https://media.rawg.io/media/games/095/0953bf01cd4e4dd204aba85489ac9868.jpg
4062,18,PlayStation 4,7040,https://media.rawg.io/media/games/4be/4be6a6ad0364751a96229c56bf69be59.jpg
4062,14,Xbox 360,2831,https://media.rawg.io/media/games/d1a/d1a2e99ade53494c6330a0ed945fe823.jpg
4062,7,Nintendo Switch,5784,https://media.rawg.io/media/games/8d6/8d69eb6c32ed6acfd75f82d532144993.jpg
4062,6,Linux,80458,https://media.rawg.io/media/games/fc1/fc1307a2774506b5bd65d7e8424664a7.jpg
4062,4,PC,561279,https://media.rawg.io/media/games/7cf/7cfc9220b401b7a300e409e539c9afd5.jpg
4062,16,PlayStation 3,3209,https://media.rawg.io/media/games/8e4/8e4de3f54ac659e08a7ba6a2b731682a.jpg
4062,1,Xbox One,5744,https://media.rawg.io/media/games/618/618c2031a07bbff6b4f611f10b6bcdbc.jpg
802,16,PlayStation 3,3209,https://media.rawg.io/media/games/8e4/8e4de3f54ac659e08a7ba6a2b731682a.jpg
802,5,macOS,108113,https://media.rawg.io/media/games/49c/49c3dfa4ce2f6f140cc4825868e858cb.jpg
802,4,PC,561279,https://media.rawg.io/media/games/7cf/7cfc9220b401b7a300e409e539c9afd5.jpg
802,21,Android,52534,https://media.rawg.io/media/games/095/0953bf01cd4e4dd204aba85489ac9868.jpg
802,6,Linux,80458,https://media.rawg.io/media/games/fc1/fc1307a2774506b5bd65d7e8424664a7.jpg
802,19,PS Vita,1461,https://media.rawg.io/media/games/f99/f9979698c43fd84c3ab69280576dd3af.jpg
802,14,Xbox 360,2831,https://media.rawg.io/media/games/d1a/d1a2e99ade53494c6330a0ed945fe823.jpg
3439,3,iOS,77453,https://media.rawg.io/media/games/942/9424d6bb763dc38d9378b488603c87fa.jpg
3439,4,PC,561279,https://media.rawg.io/media/games/7cf/7cfc9220b401b7a300e409e539c9afd5.jpg
3439,6,Linux,80458,https://media.rawg.io/media/games/fc1/fc1307a2774506b5bd65d7e8424664a7.jpg
3439,16,PlayStation 3,3209,https://media.rawg.io/media/games/8e4/8e4de3f54ac659e08a7ba6a2b731682a.jpg
3439,5,macOS,108113,https://media.rawg.io/media/games/49c/49c3dfa4ce2f6f140cc4825868e858cb.jpg
3439,14,Xbox 360,2831,https://media.rawg.io/media/games/d1a/d1a2e99ade53494c6330a0ed945fe823.jpg
3439,21,Android,52534,https://media.rawg.io/media/games/095/0953bf01cd4e4dd204aba85489ac9868.jpg
3439,18,PlayStation 4,7040,https://media.rawg.io/media/games/4be/4be6a6ad0364751a96229c56bf69be59.jpg
3439,1,Xbox One,5744,https://media.rawg.io/media/games/618/618c2031a07bbff6b4f611f10b6bcdbc.jpg
4286,16,PlayStation 3,3209,https://media.rawg.io/media/games/8e4/8e4de3f54ac659e08a7ba6a2b731682a.jpg
4286,5,macOS,108113,https://media.rawg.io/media/games/49c/49c3dfa4ce2f6f140cc4825868e858cb.jpg
4286,4,PC,561279,https://media.rawg.io/media/games/7cf/7cfc9220b401b7a300e409e539c9afd5.jpg
4286,14,Xbox 360,2831,https://media.rawg.io/media/games/d1a/d1a2e99ade53494c6330a0ed945fe823.jpg
58175,4,PC,561279,https://media.rawg.io/media/games/7cf/7cfc9220b401b7a300e409e539c9afd5.jpg
58175,18,PlayStation 4,7040,https://media.rawg.io/media/games/4be/4be6a6ad0364751a96229c56bf69be59.jpg
32,18,PlayStation 4,7040,https://media.rawg.io/media/games/4be/4be6a6ad0364751a96229c56bf69be59.jpg
32,1,Xbox One,5744,https://media.rawg.io/media/games/618/618c2031a07bbff6b4f611f10b6bcdbc.jpg
32,4,PC,561279,https://media.rawg.io/media/games/7cf/7cfc9220b401b7a300e409e539c9afd5.jpg
32,171,Web,260067,https://media.rawg.io/media/games/8ba/8ba1178d043aa752838d68b14fffb922.jpg
32,186,Xbox Series S/X,1283,https://media.rawg.io/media/games/b29/b294fdd866dcdb643e7bab370a552855.jpg
32,187,PlayStation 5,1528,https://media.rawg.io/media/games/152/152e788b7504aa2753c86dae912fb34c.jpg
3070,18,PlayStation 4,7040,https://media.rawg.io/media/games/4be/4be6a6ad0364751a96229c56bf69be59.jpg
3070,4,PC,561279,https://media.rawg.io/media/games/7cf/7cfc9220b401b7a300e409e539c9afd5.jpg
3070,187,PlayStation 5,1528,https://media.rawg.io/media/games/152/152e788b7504aa2753c86dae912fb34c.jpg
3070,1,Xbox One,5744,https://media.rawg.io/media/games/618/618c2031a07bbff6b4f611f10b6bcdbc.jpg
1030,4,PC,561279,https://media.rawg.io/media/games/7cf/7cfc9220b401b7a300e409e539c9afd5.jpg
1030,21,Android,52534,https://media.rawg.io/media/games/095/0953bf01cd4e4dd204aba85489ac9868.jpg
1030,19,PS Vita,1461,https://media.rawg.io/media/games/f99/f9979698c43fd84c3ab69280576dd3af.jpg
1030,18,PlayStation 4,7040,https://media.rawg.io/media/games/4be/4be6a6ad0364751a96229c56bf69be59.jpg
1030,16,PlayStation 3,3209,https://media.rawg.io/media/games/8e4/8e4de3f54ac659e08a7ba6a2b731682a.jpg
1030,14,Xbox 360,2831,https://media.rawg.io/media/games/d1a/d1a2e99ade53494c6330a0ed945fe823.jpg
1030,6,Linux,80458,https://media.rawg.io/media/games/fc1/fc1307a2774506b5bd65d7e8424664a7.jpg
1030,5,macOS,108113,https://media.rawg.io/media/games/49c/49c3dfa4ce2f6f140cc4825868e858cb.jpg
1030,3,iOS,77453,https://media.rawg.io/media/games/942/9424d6bb763dc38d9378b488603c87fa.jpg
1030,1,Xbox One,5744,https://media.rawg.io/media/games/618/618c2031a07bbff6b4f611f10b6bcdbc.jpg
1030,7,Nintendo Switch,5784,https://media.rawg.io/media/games/8d6/8d69eb6c32ed6acfd75f82d532144993.jpg
3939,6,Linux,80458,https://media.rawg.io/media/games/fc1/fc1307a2774506b5bd65d7e8424664a7.jpg
3939,4,PC,561279,https://media.rawg.io/media/games/7cf/7cfc9220b401b7a300e409e539c9afd5.jpg
3939,1,Xbox One,5744,https://media.rawg.io/media/games/618/618c2031a07bbff6b4f611f10b6bcdbc.jpg
11859,6,Linux,80458,https://media.rawg.io/media/games/fc1/fc1307a2774506b5bd65d7e8424664a7.jpg
11859,5,macOS,108113,https://media.rawg.io/media/games/49c/49c3dfa4ce2f6f140cc4825868e858cb.jpg
11859,4,PC,561279,https://media.rawg.io/media/games/7cf/7cfc9220b401b7a300e409e539c9afd5.jpg
2454,4,PC,561279,https://media.rawg.io/media/games/7cf/7cfc9220b401b7a300e409e539c9afd5.jpg
2454,18,PlayStation 4,7040,https://media.rawg.io/media/games/4be/4be6a6ad0364751a96229c56bf69be59.jpg
2454,7,Nintendo Switch,5784,https://media.rawg.io/media/games/8d6/8d69eb6c32ed6acfd75f82d532144993.jpg
2454,1,Xbox One,5744,https://media.rawg.io/media/games/618/618c2031a07bbff6b4f611f10b6bcdbc.jpg
41494,7,Nintendo Switch,5784,https://media.rawg.io/media/games/8d6/8d69eb6c32ed6acfd75f82d532144993.jpg
41494,18,PlayStation 4,7040,https://media.rawg.io/media/games/4be/4be6a6ad0364751a96229c56bf69be59.jpg
41494,4,PC,561279,https://media.rawg.io/media/games/7cf/7cfc9220b401b7a300e409e539c9afd5.jpg
41494,186,Xbox Series S/X,1283,https://media.rawg.io/media/games/b29/b294fdd866dcdb643e7bab370a552855.jpg
41494,187,PlayStation 5,1528,https://media.rawg.io/media/games/152/152e788b7504aa2753c86dae912fb34c.jpg
41494,1,Xbox One,5744,https://media.rawg.io/media/games/618/618c2031a07bbff6b4f611f10b6bcdbc.jpg
422,14,Xbox 360,2831,https://media.rawg.io/media/games/d1a/d1a2e99ade53494c6330a0ed945fe823.jpg
422,10,Wii U,1114,https://media.rawg.io/media/games/f46/f466571d536f2e3ea9e815ad17177501.jpg
422,8,Nintendo 3DS,1682,https://media.rawg.io/media/games/041/041026016869e440fb1fb2b6be5222c4.jpg
422,1,Xbox One,5744,https://media.rawg.io/media/games/618/618c2031a07bbff6b4f611f10b6bcdbc.jpg
422,18,PlayStation 4,7040,https://media.rawg.io/media/games/4be/4be6a6ad0364751a96229c56bf69be59.jpg
422,3,iOS,77453,https://media.rawg.io/media/games/942/9424d6bb763dc38d9378b488603c87fa.jpg
422,4,PC,561279,https://media.rawg.io/media/games/7cf/7cfc9220b401b7a300e409e539c9afd5.jpg
422,5,macOS,108113,https://media.rawg.io/media/games/49c/49c3dfa4ce2f6f140cc4825868e858cb.jpg
422,6,Linux,80458,https://media.rawg.io/media/games/fc1/fc1307a2774506b5bd65d7e8424664a7.jpg
422,7,Nintendo Switch,5784,https://media.rawg.io/media/games/8d6/8d69eb6c32ed6acfd75f82d532144993.jpg
422,16,PlayStation 3,3209,https://media.rawg.io/media/games/8e4/8e4de3f54ac659e08a7ba6a2b731682a.jpg
422,19,PS Vita,1461,https://media.rawg.io/media/games/f99/f9979698c43fd84c3ab69280576dd3af.jpg
422,21,Android,52534,https://media.rawg.io/media/games/095/0953bf01cd4e4dd204aba85489ac9868.jpg
4459,14,Xbox 360,2831,https://media.rawg.io/media/games/d1a/d1a2e99ade53494c6330a0ed945fe823.jpg
4459,4,PC,561279,https://media.rawg.io/media/games/7cf/7cfc9220b401b7a300e409e539c9afd5.jpg
4459,16,PlayStation 3,3209,https://media.rawg.io/media/games/8e4/8e4de3f54ac659e08a7ba6a2b731682a.jpg
4459,1,Xbox One,5744,https://media.rawg.io/media/games/618/618c2031a07bbff6b4f611f10b6bcdbc.jpg
10213,6,Linux,80458,https://media.rawg.io/media/games/fc1/fc1307a2774506b5bd65d7e8424664a7.jpg
10213,5,macOS,108113,https://media.rawg.io/media/games/49c/49c3dfa4ce2f6f140cc4825868e858cb.jpg
10213,4,PC,561279,https://media.rawg.io/media/games/7cf/7cfc9220b401b7a300e409e539c9afd5.jpg
766,3,iOS,77453,https://media.rawg.io/media/games/942/9424d6bb763dc38d9378b488603c87fa.jpg
766,186,Xbox Series S/X,1283,https://media.rawg.io/media/games/b29/b294fdd866dcdb643e7bab370a552855.jpg
766,187,PlayStation 5,1528,https://media.rawg.io/media/games/152/152e788b7504aa2753c86dae912fb34c.jpg
766,18,PlayStation 4,7040,https://media.rawg.io/media/games/4be/4be6a6ad0364751a96229c56bf69be59.jpg
766,1,Xbox One,5744,https://media.rawg.io/media/games/618/618c2031a07bbff6b4f611f10b6bcdbc.jpg
766,7,Nintendo Switch,5784,https://media.rawg.io/media/games/8d6/8d69eb6c32ed6acfd75f82d532144993.jpg
766,4,PC,561279,https://media.rawg.io/media/games/7cf/7cfc9220b401b7a300e409e539c9afd5.jpg
3272,7,Nintendo Switch,5784,https://media.rawg.io/media/games/8d6/8d69eb6c32ed6acfd75f82d532144993.jpg
3272,5,macOS,108113,https://media.rawg.io/media/games/49c/49c3dfa4ce2f6f140cc4825868e858cb.jpg
3272,4,PC,561279,https://media.rawg.io/media/games/7cf/7cfc9220b401b7a300e409e539c9afd5.jpg
3272,6,Linux,80458,https://media.rawg.io/media/games/fc1/fc1307a2774506b5bd65d7e8424664a7.jpg
3272,1,Xbox One,5744,https://media.rawg.io/media/games/618/618c2031a07bbff6b4f611f10b6bcdbc.jpg
3272,18,PlayStation 4,7040,https://media.rawg.io/media/games/4be/4be6a6ad0364751a96229c56bf69be59.jpg
278,4,PC,561279,https://media.rawg.io/media/games/7cf/7cfc9220b401b7a300e409e539c9afd5.jpg
278,18,PlayStation 4,7040,https://media.rawg.io/media/games/4be/4be6a6ad0364751a96229c56bf69be59.jpg
29028,4,PC,561279,https://media.rawg.io/media/games/7cf/7cfc9220b401b7a300e409e539c9afd5.jpg
29028,14,Xbox 360,2831,https://media.rawg.io/media/games/d1a/d1a2e99ade53494c6330a0ed945fe823.jpg
7689,1,Xbox One,5744,https://media.rawg.io/media/games/618/618c2031a07bbff6b4f611f10b6bcdbc.jpg
7689,4,PC,561279,https://media.rawg.io/media/games/7cf/7cfc9220b401b7a300e409e539c9afd5.jpg
7689,5,macOS,108113,https://media.rawg.io/media/games/49c/49c3dfa4ce2f6f140cc4825868e858cb.jpg
7689,18,PlayStation 4,7040,https://media.rawg.io/media/games/4be/4be6a6ad0364751a96229c56bf69be59.jpg
3287,4,PC,561279,https://media.rawg.io/media/games/7cf/7cfc9220b401b7a300e409e539c9afd5.jpg
3287,7,Nintendo Switch,5784,https://media.rawg.io/media/games/8d6/8d69eb6c32ed6acfd75f82d532144993.jpg
3287,1,Xbox One,5744,https://media.rawg.io/media/games/618/618c2031a07bbff6b4f611f10b6bcdbc.jpg
3287,18,PlayStation 4,7040,https://media.rawg.io/media/games/4be/4be6a6ad0364751a96229c56bf69be59.jpg
3192,18,PlayStation 4,7040,https://media.rawg.io/media/games/4be/4be6a6ad0364751a96229c56bf69be59.jpg
3192,4,PC,561279,https://media.rawg.io/media/games/7cf/7cfc9220b401b7a300e409e539c9afd5.jpg
3192,1,Xbox One,5744,https://media.rawg.io/media/games/618/618c2031a07bbff6b4f611f10b6bcdbc.jpg
3192,16,PlayStation 3,3209,https://media.rawg.io/media/games/8e4/8e4de3f54ac659e08a7ba6a2b731682a.jpg
3192,14,Xbox 360,2831,https://media.rawg.io/media/games/d1a/d1a2e99ade53494c6330a0ed945fe823.jpg
416,5,macOS,108113,https://media.rawg.io/media/games/49c/49c3dfa4ce2f6f140cc4825868e858cb.jpg
416,4,PC,561279,https://media.rawg.io/media/games/7cf/7cfc9220b401b7a300e409e539c9afd5.jpg
416,3,iOS,77453,https://media.rawg.io/media/games/942/9424d6bb763dc38d9378b488603c87fa.jpg
416,80,Xbox,881,https://media.rawg.io/media/games/662/6625a20ca1d13699ee7c191b20a02408.jpg
416,21,Android,52534,https://media.rawg.io/media/games/095/0953bf01cd4e4dd204aba85489ac9868.jpg
416,18,PlayStation 4,7040,https://media.rawg.io/media/games/4be/4be6a6ad0364751a96229c56bf69be59.jpg
416,16,PlayStation 3,3209,https://media.rawg.io/media/games/8e4/8e4de3f54ac659e08a7ba6a2b731682a.jpg
416,15,PlayStation 2,3124,https://media.rawg.io/media/games/459/459ac8745027643ed7338516c0025cf7.jpg
416,14,Xbox 360,2831,https://media.rawg.io/media/games/d1a/d1a2e99ade53494c6330a0ed945fe823.jpg
416,1,Xbox One,5744,https://media.rawg.io/media/games/618/618c2031a07bbff6b4f611f10b6bcdbc.jpg
16944,5,macOS,108113,https://media.rawg.io/media/games/49c/49c3dfa4ce2f6f140cc4825868e858cb.jpg
16944,4,PC,561279,https://media.rawg.io/media/games/7cf/7cfc9220b401b7a300e409e539c9afd5.jpg
16944,14,Xbox 360,2831,https://media.rawg.io/media/games/d1a/d1a2e99ade53494c6330a0ed945fe823.jpg
290856,18,PlayStation 4,7040,https://media.rawg.io/media/games/4be/4be6a6ad0364751a96229c56bf69be59.jpg
290856,7,Nintendo Switch,5784,https://media.rawg.io/media/games/8d6/8d69eb6c32ed6acfd75f82d532144993.jpg
290856,5,macOS,108113,https://media.rawg.io/media/games/49c/49c3dfa4ce2f6f140cc4825868e858cb.jpg
290856,4,PC,561279,https://media.rawg.io/media/games/7cf/7cfc9220b401b7a300e409e539c9afd5.jpg
290856,1,Xbox One,5744,https://media.rawg.io/media/games/618/618c2031a07bbff6b4f611f10b6bcdbc.jpg
17822,4,PC,561279,https://media.rawg.io/media/games/7cf/7cfc9220b401b7a300e409e539c9afd5.jpg
17822,5,macOS,108113,https://media.rawg.io/media/games/49c/49c3dfa4ce2f6f140cc4825868e858cb.jpg
9767,18,PlayStation 4,7040,https://media.rawg.io/media/games/4be/4be6a6ad0364751a96229c56bf69be59.jpg
9767,6,Linux,80458,https://media.rawg.io/media/games/fc1/fc1307a2774506b5bd65d7e8424664a7.jpg
9767,5,macOS,108113,https://media.rawg.io/media/games/49c/49c3dfa4ce2f6f140cc4825868e858cb.jpg
9767,4,PC,561279,https://media.rawg.io/media/games/7cf/7cfc9220b401b7a300e409e539c9afd5.jpg
9767,7,Nintendo Switch,5784,https://media.rawg.io/media/games/8d6/8d69eb6c32ed6acfd75f82d532144993.jpg
9767,1,Xbox One,5744,https://media.rawg.io/media/games/618/618c2031a07bbff6b4f611f10b6bcdbc.jpg
11973,6,Linux,80458,https://media.rawg.io/media/games/fc1/fc1307a2774506b5bd65d7e8424664a7.jpg
11973,1,Xbox One,5744,https://media.rawg.io/media/games/618/618c2031a07bbff6b4f611f10b6bcdbc.jpg
11973,14,Xbox 360,2831,https://media.rawg.io/media/games/d1a/d1a2e99ade53494c6330a0ed945fe823.jpg
11973,16,PlayStation 3,3209,https://media.rawg.io/media/games/8e4/8e4de3f54ac659e08a7ba6a2b731682a.jpg
11973,18,PlayStation 4,7040,https://media.rawg.io/media/games/4be/4be6a6ad0364751a96229c56bf69be59.jpg
11973,5,macOS,108113,https://media.rawg.io/media/games/49c/49c3dfa4ce2f6f140cc4825868e858cb.jpg
11973,4,PC,561279,https://media.rawg.io/media/games/7cf/7cfc9220b401b7a300e409e539c9afd5.jpg
23027,21,Android,52534,https://media.rawg.io/media/games/095/0953bf01cd4e4dd204aba85489ac9868.jpg
23027,19,PS Vita,1461,https://media.rawg.io/media/games/f99/f9979698c43fd84c3ab69280576dd3af.jpg
23027,5,macOS,108113,https://media.rawg.io/media/games/49c/49c3dfa4ce2f6f140cc4825868e858cb.jpg
23027,4,PC,561279,https://media.rawg.io/media/games/7cf/7cfc9220b401b7a300e409e539c9afd5.jpg
23027,3,iOS,77453,https://media.rawg.io/media/games/942/9424d6bb763dc38d9378b488603c87fa.jpg
23027,18,PlayStation 4,7040,https://media.rawg.io/media/games/4be/4be6a6ad0364751a96229c56bf69be59.jpg
23027,16,PlayStation 3,3209,https://media.rawg.io/media/games/8e4/8e4de3f54ac659e08a7ba6a2b731682a.jpg
23027,14,Xbox 360,2831,https://media.rawg.io/media/games/d1a/d1a2e99ade53494c6330a0ed945fe823.jpg
23027,7,Nintendo Switch,5784,https://media.rawg.io/media/games/8d6/8d69eb6c32ed6acfd75f82d532144993.jpg
23027,1,Xbox One,5744,https://media.rawg.io/media/games/618/618c2031a07bbff6b4f611f10b6bcdbc.jpg
19103,5,macOS,108113,https://media.rawg.io/media/games/49c/49c3dfa4ce2f6f140cc4825868e858cb.jpg
19103,6,Linux,80458,https://media.rawg.io/media/games/fc1/fc1307a2774506b5bd65d7e8424664a7.jpg
19103,4,PC,561279,https://media.rawg.io/media/games/7cf/7cfc9220b401b7a300e409e539c9afd5.jpg
